--
-- PostgreSQL database dump
--

\restrict Qe6veaN7UovDjaE2g4s8cmWMw9wF50bFV3dEUy2xPlVDqHV5aec5MrvilA6ZvNg

-- Dumped from database version 14.19 (Homebrew)
-- Dumped by pg_dump version 14.19 (Homebrew)

SET statement_timeout = 0;
SET lock_timeout = 0;
SET idle_in_transaction_session_timeout = 0;
SET client_encoding = 'UTF8';
SET standard_conforming_strings = on;
SELECT pg_catalog.set_config('search_path', '', false);
SET check_function_bodies = false;
SET xmloption = content;
SET client_min_messages = warning;
SET row_security = off;

--
-- Name: pgcrypto; Type: EXTENSION; Schema: -; Owner: -
--

CREATE EXTENSION IF NOT EXISTS pgcrypto WITH SCHEMA public;


--
-- Name: EXTENSION pgcrypto; Type: COMMENT; Schema: -; Owner: 
--

COMMENT ON EXTENSION pgcrypto IS 'cryptographic functions';


SET default_tablespace = '';

SET default_table_access_method = heap;

--
-- Name: citation_chunks; Type: TABLE; Schema: public; Owner: melissastan
--

CREATE TABLE public.citation_chunks (
    chunk_uuid uuid DEFAULT gen_random_uuid() NOT NULL,
    chunk_sha_id text NOT NULL,
    doc_id uuid NOT NULL,
    extraction_run_id uuid NOT NULL,
    page_num integer,
    span_start integer,
    span_end integer,
    snippet_text text,
    full_text text,
    created_at timestamp with time zone DEFAULT now() NOT NULL
);


ALTER TABLE public.citation_chunks OWNER TO melissastan;

--
-- Name: decision_results; Type: TABLE; Schema: public; Owner: melissastan
--

CREATE TABLE public.decision_results (
    decision_run_id uuid NOT NULL,
    created_at timestamp with time zone DEFAULT now() NOT NULL,
    result_json jsonb NOT NULL,
    needs_more_info boolean DEFAULT false NOT NULL,
    missing_fields jsonb
);


ALTER TABLE public.decision_results OWNER TO melissastan;

--
-- Name: decision_runs; Type: TABLE; Schema: public; Owner: melissastan
--

CREATE TABLE public.decision_runs (
    decision_run_id uuid DEFAULT gen_random_uuid() NOT NULL,
    request_id uuid NOT NULL,
    created_at timestamp with time zone DEFAULT now() NOT NULL,
    started_at timestamp with time zone,
    finished_at timestamp with time zone,
    status text NOT NULL,
    error_message text,
    decision_inputs jsonb,
    CONSTRAINT decision_runs_status_check CHECK ((status = ANY (ARRAY['queued'::text, 'running'::text, 'completed'::text, 'failed'::text])))
);


ALTER TABLE public.decision_runs OWNER TO melissastan;

--
-- Name: documents; Type: TABLE; Schema: public; Owner: melissastan
--

CREATE TABLE public.documents (
    doc_id uuid DEFAULT gen_random_uuid() NOT NULL,
    request_id uuid NOT NULL,
    created_at timestamp with time zone DEFAULT now() NOT NULL,
    filename text NOT NULL,
    content_type text DEFAULT 'application/pdf'::text NOT NULL,
    sha256 text NOT NULL,
    storage_uri text NOT NULL,
    size_bytes bigint,
    is_active boolean DEFAULT true NOT NULL
);


ALTER TABLE public.documents OWNER TO melissastan;

--
-- Name: evidence_citations; Type: TABLE; Schema: public; Owner: melissastan
--

CREATE TABLE public.evidence_citations (
    evidence_id uuid NOT NULL,
    chunk_uuid uuid NOT NULL
);


ALTER TABLE public.evidence_citations OWNER TO melissastan;

--
-- Name: extraction_runs; Type: TABLE; Schema: public; Owner: melissastan
--

CREATE TABLE public.extraction_runs (
    extraction_run_id uuid DEFAULT gen_random_uuid() NOT NULL,
    request_id uuid NOT NULL,
    created_at timestamp with time zone DEFAULT now() NOT NULL,
    started_at timestamp with time zone,
    finished_at timestamp with time zone,
    status text NOT NULL,
    error_message text,
    manifest_uri text,
    manifest_sha256 text,
    CONSTRAINT extraction_runs_status_check CHECK ((status = ANY (ARRAY['queued'::text, 'running'::text, 'completed'::text, 'failed'::text])))
);


ALTER TABLE public.extraction_runs OWNER TO melissastan;

--
-- Name: grounded_evidence; Type: TABLE; Schema: public; Owner: melissastan
--

CREATE TABLE public.grounded_evidence (
    evidence_id uuid DEFAULT gen_random_uuid() NOT NULL,
    request_id uuid NOT NULL,
    extraction_run_id uuid NOT NULL,
    created_at timestamp with time zone DEFAULT now() NOT NULL,
    fact_type text NOT NULL,
    fact_key text,
    fact_value text,
    fact_json jsonb,
    unknown boolean DEFAULT false NOT NULL,
    notes text
);


ALTER TABLE public.grounded_evidence OWNER TO melissastan;

--
-- Name: requests; Type: TABLE; Schema: public; Owner: melissastan
--

CREATE TABLE public.requests (
    request_id uuid DEFAULT gen_random_uuid() NOT NULL,
    student_id text NOT NULL,
    student_name text,
    course_requested text,
    created_at timestamp with time zone DEFAULT now() NOT NULL,
    updated_at timestamp with time zone DEFAULT now() NOT NULL,
    assigned_reviewer_id uuid,
    status text NOT NULL,
    CONSTRAINT requests_status_check CHECK ((status = ANY (ARRAY['uploaded'::text, 'extracting'::text, 'ready_for_decision'::text, 'needs_info'::text, 'ai_recommendation'::text, 'review_pending'::text, 'reviewed'::text])))
);


ALTER TABLE public.requests OWNER TO melissastan;

--
-- Name: review_actions; Type: TABLE; Schema: public; Owner: melissastan
--

CREATE TABLE public.review_actions (
    review_action_id uuid DEFAULT gen_random_uuid() NOT NULL,
    request_id uuid NOT NULL,
    created_at timestamp with time zone DEFAULT now() NOT NULL,
    reviewer_id uuid NOT NULL,
    action text NOT NULL,
    comment text NOT NULL,
    decision_run_id uuid,
    CONSTRAINT review_actions_action_check CHECK ((action = ANY (ARRAY['approve'::text, 'deny'::text, 'request_info'::text, 'override'::text])))
);


ALTER TABLE public.review_actions OWNER TO melissastan;

--
-- Name: reviewers; Type: TABLE; Schema: public; Owner: melissastan
--

CREATE TABLE public.reviewers (
    reviewer_id uuid DEFAULT gen_random_uuid() NOT NULL,
    reviewer_name text,
    utc_id text NOT NULL,
    created_at timestamp with time zone DEFAULT now()
);


ALTER TABLE public.reviewers OWNER TO melissastan;

--
-- Data for Name: citation_chunks; Type: TABLE DATA; Schema: public; Owner: melissastan
--

COPY public.citation_chunks (chunk_uuid, chunk_sha_id, doc_id, extraction_run_id, page_num, span_start, span_end, snippet_text, full_text, created_at) FROM stdin;
07b9321d-8493-47da-89f5-e0434417589f	2b0b82b55e10c8ff9da66a6ca147eabc291c8b47824c955ea8a4004410881896	9ed9acf2-7229-4a1b-8149-9156c691bf86	6187bc1a-d4af-4e2d-8d29-069df547275f	1	781	1221	Lectures and recitation sections explore the mechanisms involved in the\nprinciples of macromolecular structure and function, the organization\nand regulation of pathways for intermediary metabolism, an	Lectures and recitation sections explore the mechanisms involved in the\nprinciples of macromolecular structure and function, the organization\nand regulation of pathways for intermediary metabolism, and the transfer\nof information from genes to proteins. Expected background: Cell and\nMolecular Biology (BIOL 0500) or another intermediate level course\nproviding background in molecular level thinking, e.g. BIOL 0470, BIOL\n0530 or NEUR 1020.	2026-03-04 21:18:31.941871-05
e4519920-78a4-40f9-9eb8-d5b5f4b811f9	122137699bce752ef6f14ba10245791c6d07920957646dba00ff71d90a213fc7	8b345d9e-ee22-467d-a526-557cc1079331	a246993d-c926-4f0b-ab89-eea2c28236c5	1	1700	1868	This course will cover areas related to research ethics, the responsible use of animial and human models and\ncollaborative research issues in prosthetics and orthotics.	This course will cover areas related to research ethics, the responsible use of animial and human models and\ncollaborative research issues in prosthetics and orthotics.	2026-03-04 21:18:44.193071-05
d53f216e-8be3-40cf-874c-5527628dcf9d	2ac15aeb6470db98959ce8b394375a6498653c5867f82dacc68ea210bc199725	a1d04cc3-271f-4af0-a315-42c7d031c515	2ace3c91-1d54-4ac7-ae12-fdc2262a99e7	2	4374	4781	by the Department of Chemical Engineering to represent new and\ndeveloping cross-disciplinary areas that benefit from a strong\nfoundation in engineering within the chemical engineering context.\nDetails	by the Department of Chemical Engineering to represent new and\ndeveloping cross-disciplinary areas that benefit from a strong\nfoundation in engineering within the chemical engineering context.\nDetails of the concentrations are available from the Chemical\nEngineering Student Office and the department's website (https://\ncheme.mit.edu/academics/undergraduate-students/undergraduate-\nprograms/course-10-eng).	2026-03-04 21:18:48.748228-05
2ce06e00-5aee-43a8-acf9-c2431ffd1118	b657f24735d0210303e408514289aaecaa62eb1e6142c1d37fbee7404ddc760a	1308e507-d526-4760-aef2-c96ad5f26239	cf674157-225c-454b-9c64-d9befca3e67f	1	0	900	MED 2150 – General Pathology\nBrown University\nFall 2026\nInstructor Information\nInstructor Name: Dr. Alexandra Rivera\nEmail: alexandra_rivera@brown.edu\nOffice Hours: Tuesdays 2:00–4:00 PM or by appoint	MED 2150 – General Pathology\nBrown University\nFall 2026\nInstructor Information\nInstructor Name: Dr. Alexandra Rivera\nEmail: alexandra_rivera@brown.edu\nOffice Hours: Tuesdays 2:00–4:00 PM or by appointment\nOffice Location: Medical Education Building, Room 314\nCourse Information\nCourse Title: General Pathology\nCourse Number: MED 2150\nCourse Credits: 4\nCourse Description\nPathology is the study of the causes, mechanisms, and consequences of disease. In General\nPathology, students study in detail the cell and tissue alterations that lead to the production of human\ndiseases. To uncover such alterations, morphological observations are correlated with studies involving\nmolecular biology, biochemistry, and genetics. In studying the pathogenesis of human disease, close\nattention is paid to epidemiological parameters, population health, aging, and environmental and\noccupational health problems. Gen	2026-03-04 21:18:25.116837-05
10bcf5f4-8e6e-4a58-8e90-2e4ff2c2e01b	789c01b36a592a432170ce65a7302461db50c818960743f2900a236ac04cdbd7	1308e507-d526-4760-aef2-c96ad5f26239	cf674157-225c-454b-9c64-d9befca3e67f	1	900	1361	eral Pathology is integrated, whenever possible, with other courses\nin the Fall Semester of the Gateways Program in order to maximize learning opportunities and\ninterdisciplinary understanding.\nCourse	eral Pathology is integrated, whenever possible, with other courses\nin the Fall Semester of the Gateways Program in order to maximize learning opportunities and\ninterdisciplinary understanding.\nCourse Goals\n(cid:127) Understand the fundamental mechanisms underlying cellular injury and adaptation.\n(cid:127) Explain the molecular and biochemical basis of disease processes.\n(cid:127) Correlate histopathological findings with clinical manifestations of disease.	2026-03-04 21:18:25.116837-05
a405e66f-4516-4621-b251-cad246de8f7b	89bbfb78bd46baa928ff2e9dc3d01171cffe8a1aac9d74dad6343d371fccdb22	1308e507-d526-4760-aef2-c96ad5f26239	cf674157-225c-454b-9c64-d9befca3e67f	2	0	900	(cid:127) Analyze epidemiological data in the context of disease causation and progression.\n(cid:127) Evaluate environmental and occupational factors contributing to disease development.\nStudent Learn	(cid:127) Analyze epidemiological data in the context of disease causation and progression.\n(cid:127) Evaluate environmental and occupational factors contributing to disease development.\nStudent Learning Outcomes\n(cid:127) Identify and describe common cellular and tissue alterations associated with disease.\n(cid:127) Interpret basic pathological findings using morphological and molecular evidence.\n(cid:127) Connect pathophysiological mechanisms to clinical case presentations.\n(cid:127) Apply epidemiological reasoning to disease prevention and population health strategies.\n(cid:127) Integrate pathology concepts with concurrent foundational science coursework.\nRequired Materials\n(cid:127) Kumar, V., Abbas, A., & Aster, J. Robbins & Cotran Pathologic Basis of Disease, 11th Edition.\n(cid:127) Selected peer-reviewed journal articles (posted on Canvas).\n(cid:127) Laboratory histology slide set	2026-03-04 21:18:25.116837-05
3360f223-1a73-415a-820e-29f0d4c3d536	f8c1a7fdb3a47cea7a11214ac718e069afd1ce88fea88843c0a5fa14a8592940	1308e507-d526-4760-aef2-c96ad5f26239	cf674157-225c-454b-9c64-d9befca3e67f	2	900	1353	s (provided digitally).\nCourse Requirements\n(cid:127) Midterm Examination – 25%\n(cid:127) Final Examination – 35%\n(cid:127) Laboratory Practical Assessments – 20%\n(cid:127) Case-Based Discussion Parti	s (provided digitally).\nCourse Requirements\n(cid:127) Midterm Examination – 25%\n(cid:127) Final Examination – 35%\n(cid:127) Laboratory Practical Assessments – 20%\n(cid:127) Case-Based Discussion Participation – 10%\n(cid:127) Epidemiology Mini-Project – 10%\nAttendance Policy\nAttendance at lectures and laboratory sessions is strongly encouraged. Laboratory practical sessions\nare mandatory due to the applied nature of the coursework.\nAcademic Integrity	2026-03-04 21:18:25.116837-05
1548233e-86e4-4834-82bd-6c647ad645f5	2aeb83b6a89dd97e8104387232084788aaa7b7995185a309f913265da4598e8a	1308e507-d526-4760-aef2-c96ad5f26239	cf674157-225c-454b-9c64-d9befca3e67f	3	0	161	Students are expected to adhere to Brown University’s academic code. All submitted work must be\noriginal. Collaboration is permitted only when explicitly stated.	Students are expected to adhere to Brown University’s academic code. All submitted work must be\noriginal. Collaboration is permitted only when explicitly stated.	2026-03-04 21:18:25.116837-05
14b541f0-b641-4bb1-afe9-2bf095844fc7	209c026ae6d242d77114907b4bdedbcd2841f4b96196b414e4654c582b2e677f	e79d3c79-e21d-4298-8962-22a9b46375bf	14d8528c-8a81-422d-827e-3cb0409f552e	1	4936	5716	The course provides the necessary physics background that underpins\nday-to-day medical imaging physics activities. It is aimed primarily at\nnew entrants to the profession, but should be of benefit to 	The course provides the necessary physics background that underpins\nday-to-day medical imaging physics activities. It is aimed primarily at\nnew entrants to the profession, but should be of benefit to postgraduate\nstudents, postdoctoral research workers, physicist-managers,\nrepresentatives of allied commercial organizations and anyone wishing\n\nto deepen or re-establish their understanding of the physics of medical\nimaging. Overviews of specialized or research related topics, such as\npositron emission tomography and magnetic resonance spectroscopy are\ngiven.\n\nMED 2270A. Research and Clinical Practicum for Medical Physics.\nCustomized for each project Note : 2.5 Credits\n\nMED 2280. Nuclear Medicine Physics.\nNuclear Medical Physics - PET\n\nMED 2290. Advanced Radiation Therapy.	2026-03-04 21:18:25.42827-05
b3585741-56c6-4400-b7da-144d84bcc5ab	dfd3b8ebbeb8e1006b2726ba64f36d72d058c186cd9438ca8dfcff8ce61a1e9b	6b5ca83c-86c5-41a1-85ff-966ea7bb18fc	cf674157-225c-454b-9c64-d9befca3e67f	1	0	900	42 The Division of Biology and Medicine\nMED 2045. Quantitative Methods. MED 2130. Patient Care in Complex Systems II.\nIn this course, students will be introduced to fundamental concepts in This is the	42 The Division of Biology and Medicine\nMED 2045. Quantitative Methods. MED 2130. Patient Care in Complex Systems II.\nIn this course, students will be introduced to fundamental concepts in This is the third of a 3 course sequence for Master of Medical Science\nclinical epidemiology and basic statistics, as they relate to population and students. Students will continue their study of both theoretical and practical\nclinical research. This course is intended to teach students both the basic aspects of healthcare through an interactive seminar series, continued\nknowledge required to develop and interpret clinical studies as well as the service learning at their longitudinal community healthcare site, and\nskills in order to conduct basic statistical analyses. completion of their community project. Seminar topics: care of vulnerable\npopulations, environmental health, population health, new mode	2026-03-04 21:18:25.116837-05
8b36195a-2479-4620-b8aa-ed494b111b59	9593f9cd25bda4d589fa79c616f3960c453accaafa64244861df7daa3129c147	6b5ca83c-86c5-41a1-85ff-966ea7bb18fc	cf674157-225c-454b-9c64-d9befca3e67f	1	900	1800	ls of\nMED 2046. Leadership in Health Care.\nhealthcare delivery, ethical issues in healthcare, whole-person health,\nTh_is courses emphasizes practical application of teamwork and leadership\ncultural hu	ls of\nMED 2046. Leadership in Health Care.\nhealthcare delivery, ethical issues in healthcare, whole-person health,\nTh_is courses emphasizes practical application of teamwork and leadership\ncultural humility, complementary and alternative medicine, and patient\nskills across multiple settings. Leadership in Health Care is a master's\nadvocacy. Students assessment includes: seminar participation, reflective\nlevel course for second year medical students enrolled in the Primary\nessays, attendance at field work sites, assessment from community\nCare-Population Medicine (PC-PM) program. Through interactive\nmentors, and quality of project and presentation. Pre Requisites: MED\nclassroom sessions, field work in health care advocacy, and a team-\n2110 and MED 2120.\nbased "leadership action project", students will develop foundational\nleadership skills. The first formal leadership course at Alpert Medi	2026-03-04 21:18:25.116837-05
c7c4d805-215f-4baa-807d-0650938edebb	b15cceef02b56ff92fc5c237607c7e7d2103a09b8ec313b9af1fc20626ce6e45	6b5ca83c-86c5-41a1-85ff-966ea7bb18fc	cf674157-225c-454b-9c64-d9befca3e67f	1	1800	2700	cal MED 2140. Human Histology.\nSc_hool, Leadership in Health Care will contribute to the PC-PM program's Human Histology provides an in-depth examination of the basic\nultimate goal of preparing physic	cal MED 2140. Human Histology.\nSc_hool, Leadership in Health Care will contribute to the PC-PM program's Human Histology provides an in-depth examination of the basic\nultimate goal of preparing physician leaders who will improve the quality of architecture of the body. Fundamental to this understanding is the cell\nhealth care and wellness of the population. and how during early development cells in the aggregate undergo\nspecialization as tissues, which are the building blocks of the body.\nMED 2050. HSS Ill: Pop & Clinical Med I.\nThis course focuses first on the biology of the four basic tissues\nThis is the first semester of Population and Clinical Medicine, a two\n(epithelium, connective tissue, muscle and nerve) and second, how\nsemester course focused on the integration of population medicine and\nthey contribute to the functional anatomy of all organs and systems.\nclinical practice. In t	2026-03-04 21:18:25.116837-05
487f3bdb-35b2-4cf7-bb03-89155fcf8e7a	a777a10ebfe28087cc360229646d96f0c2beaa6275d62bd3d8af65f9b12e2de4	6b5ca83c-86c5-41a1-85ff-966ea7bb18fc	cf674157-225c-454b-9c64-d9befca3e67f	1	2700	3600	his course, students will focus on topics integral\nWe will emphasize characteristic developmental, structure-function and\nto clinical medicine, but expand beyond the patient into the population\nregula	his course, students will focus on topics integral\nWe will emphasize characteristic developmental, structure-function and\nto clinical medicine, but expand beyond the patient into the population\nregulatory relationships within normal cells and tissues, which in turn are\nand beyond. Given the importance of population health interventions for\nthe foundation for the understanding of pathological alteration.\nimpacting the health of vulnerable and underserved patients, the course\nwill focus on issues affecting these populations. MED 2150. General Pathology.\nP_athology is the study of the causes, mechanisms, and consequences of\nMED 2060. HSS Ill: Pop & Clinical Med 11.\ndisease. In General Pathology students study in detail the cell and tissue\nThis is the second semester of Population and Clinical Medicine, a two\nalterations that lead to the production of human diseases. To uncover\nsemester cour	2026-03-04 21:18:25.116837-05
3bf3bf88-7bea-4518-aa9f-c31fc66c6056	1dc8aa2b926abce6e77cf4faf24670cec4a9d6d6bcc252b92e2ba7797fb2e662	6b5ca83c-86c5-41a1-85ff-966ea7bb18fc	cf674157-225c-454b-9c64-d9befca3e67f	1	3600	4500	se focused on the integration of population medicine and\nsuch alterations, morphological observations are correlated with studies\nclinical practice. In this course, students will focus on topics integ	se focused on the integration of population medicine and\nsuch alterations, morphological observations are correlated with studies\nclinical practice. In this course, students will focus on topics integral\ninvolving molecular biology, biochemistry, and genetics. In studying the\nto clinical medicine, but expand beyond the patient into the population\npathogenesis of human disease we pay close attention to epidemiological\nand beyond. Given the importance of population health interventions for\nparameters, population health, aging, and to environmental and\nimpacting the health of vulnerable and underserved patients, the course\noccupational health problems. General Pathology been integrated,\nwill focus on issues affecting these populations.\nwhenever possible, with other courses in the Fall Semester of the\nMED 2070. Health Systems Science IV. Gateways Program, in order to maximize learning opport	2026-03-04 21:18:25.116837-05
a8675ae1-a58e-41d9-a7e7-0acbe49230ba	532b1927b4889361f82f2f43bef486bc49455467d26e75d57f5aa96401a21d41	6b5ca83c-86c5-41a1-85ff-966ea7bb18fc	cf674157-225c-454b-9c64-d9befca3e67f	1	4500	5400	unities.\nThis course is designed to further explore the themes of the Primary Care\nMED 2160. Human Anatomy 1.\nPopul_ation Medicine Program and prepare students for the next steps\nThis course explores 	unities.\nThis course is designed to further explore the themes of the Primary Care\nMED 2160. Human Anatomy 1.\nPopul_ation Medicine Program and prepare students for the next steps\nThis course explores the anatomical organization of the human body,\nIn their professional careers. The course is designed to be a capstone\nviewing anatomical structures as a product of development and functional\nand employs integrated, developmental, evolutionary educational spirals\ndemand. Human Anatomy provides an opportunity for students of diverse\n-_ providing the knowledge, attitudes and skills at the right time in the\nbackgrounds, interests, and goals to emerge with an understanding of\nright format, and building on the first three years of the program. Course\nthe human body as a cornerstone of medical science. The course uses\nthreads include Health Systems Science Advanced Content, Skill Building,\na combin	2026-03-04 21:18:25.116837-05
e46cd2d1-423e-4825-8644-09dff152b5d2	c9b114ab76653c23fb38e90c2487683416a3336faffd98cbcb918233eca9447e	6b5ca83c-86c5-41a1-85ff-966ea7bb18fc	cf674157-225c-454b-9c64-d9befca3e67f	1	5400	6300	ation of lectures, on-line modules, and mandatory laboratory\nPreparation for Next Career Stages, and Master's Thesis Workshopping.\nsessions examining human cadaver prosections, to impart broad\nMED 211	ation of lectures, on-line modules, and mandatory laboratory\nPreparation for Next Career Stages, and Master's Thesis Workshopping.\nsessions examining human cadaver prosections, to impart broad\nMED 2110. Introduction to Medical Sciences and Patient Care. conceptual and in-depth knowledge of this subject.\nThis 2-week intensive course introduces students to the wide variety\nMED 2170. Scientific Foundations of Medicine.\nof topics explored in the Master's of Medical Sciences program, with a\nScientific Foundations of Medicine is an integrated cross-disciplinary\nfocus on patient care aspects. The course combines seminar classroom\ncourse that introduces the fundamental basic science principles relevant\ninstruction with field work/immersion at community healthcare sites.\nto the study of health, disease mechanisms and clinical medicine. As\nTopics covered include: biopsychosocial model of healthcar	2026-03-04 21:18:25.116837-05
b4bb23ef-0042-42d0-a700-38a27495c759	cec9a0dbd3caa5f5b565e8d562743991cf43ca29fa952607da3669c758a02fb2	6b5ca83c-86c5-41a1-85ff-966ea7bb18fc	cf674157-225c-454b-9c64-d9befca3e67f	1	6300	7200	e; intersection\nsuch the course consists of six blocks of core topics that incorporate\nbetween science, social science and humanities in healthcare; introduction\nfoundational principles of molecular b	e; intersection\nsuch the course consists of six blocks of core topics that incorporate\nbetween science, social science and humanities in healthcare; introduction\nfoundational principles of molecular biology, cellular and metabolic\nto community health centers; professionalism in healthcare; basic\nbiochemistry, nutritional science, cell physiology, inheritance patterns,\nhealthcare communication skills; quality improvement skills; and strategies\nmechanisms of genetic disorders, and immunology. Grounding in these\nfor mastery of basic science knowledge. Students will be assessed using\nscientific principles gives students insight into the biological complexity\nmultiple methods including: seminar participation, reflective essays/field\nand genetic diversity that underlies disease processes.\nnotes, attendance at field-work sites, & assessment from community\nmentors. MED 2180. Brain Sciences and N	2026-03-04 21:18:25.116837-05
5c2dfdde-fac7-4b9d-b198-88065036a811	0355dd605d2929b097e0aa880c86ec9c22f977c8c8afceff08a07649f3d4d08a	6b5ca83c-86c5-41a1-85ff-966ea7bb18fc	cf674157-225c-454b-9c64-d9befca3e67f	1	7200	8100	eurological Disease.\nBrain Sciences is composed of several interrelated components -\nMED 2120. Patient Care in Complex Systems I.\nHead Anatomy, Neurobiology, Neuropathophysiology, Neuropathology\nThis 	eurological Disease.\nBrain Sciences is composed of several interrelated components -\nMED 2120. Patient Care in Complex Systems I.\nHead Anatomy, Neurobiology, Neuropathophysiology, Neuropathology\nThis is the second of a three course series for Master of Medical Sciences\nand Neuropharmacology. The intent of the course is to encourage the\nstudents. This course introduces students to the variety of complex factors\nintegration of underlying neuroanatomy and basic science principles with\naffecting health, imparting both theoretical knowledge and practical skills.\nan understanding of the presentation and management of neurological\nTeaching methods: interactive seminars and experiential learning at\ndiseases. Course leaders from each of these disciplines have worked\ncommunity healthcare sites with members of multidisciplinary teams.\nclosely together in order to present the material in a cohesive 	2026-03-04 21:18:25.116837-05
7a320aa8-ce62-48d5-bdb0-4367d5b44fbf	53b6414cd8bb6f9d605a861296295b8ba24941167ba5419dec95b001da3f27be	6b5ca83c-86c5-41a1-85ff-966ea7bb18fc	cf674157-225c-454b-9c64-d9befca3e67f	1	8100	8682	and logical\nTopics covered: healthcare systems, social determinants of health, roles\nframework that promotes the sequential acquisition of new information\nof interdisciplinary healthcare team members,	and logical\nTopics covered: healthcare systems, social determinants of health, roles\nframework that promotes the sequential acquisition of new information\nof interdisciplinary healthcare team members, quality improvement, and\nbased upon a substantive understanding of the previous material.\nepidemiology. Students will begin developing a project at their clinical\nsites which will be implemented in spring semester. Student assessment\nincludes: seminar participation, reflective essays, attendance at field-work\nsites, and assessment from community mentors. Pre Requisites: MED\n2110	2026-03-04 21:18:25.116837-05
7e8c09c5-4718-4136-b951-80808797a954	585d3006321f4b7cfdb1a0f17f37c01a7030ac37733662985e06fa8586a45fb9	8c715724-3f6d-44c4-99d2-509d261fe01c	14d8528c-8a81-422d-827e-3cb0409f552e	1	0	900	MED 2200 – Anatomy and Physiology (4 Credits)\nBrown University | Fall 2026\nCourse Instructor\nDr. Michael Chen\nEmail: michael_chen@brown.edu\nOffice: Medical Education Building, Room 220\nOffice Hours: M	MED 2200 – Anatomy and Physiology (4 Credits)\nBrown University | Fall 2026\nCourse Instructor\nDr. Michael Chen\nEmail: michael_chen@brown.edu\nOffice: Medical Education Building, Room 220\nOffice Hours: Mondays 1:00–3:00 PM\nCourse Overview\nThis course covers major organ systems and disease sites. Organ functions are presented in addition\nto standard anatomy and cross-sectional imaging based on multiple modalities including X-ray\nMammography, CT, MRI, PET, and Ultrasound. Organs at risk and dose tolerance to normal structures\nare discussed. Image Registration and Fusion are introduced, as well as motion management\nconsiderations in imaging and treatment planning.\nLearning Objectives\n(cid:127) Describe anatomical structures across major organ systems.\n(cid:127) Explain physiological function in both healthy and diseased states.\n(cid:127) Interpret cross-sectional imaging across multiple modali	2026-03-04 21:18:25.42827-05
622b66c1-83b3-4d6f-b44f-20b0ceedd233	d8fc6ce28f88281a6f89f82039f524d09770500bc7f8a541aaa582c0248f1091	8c715724-3f6d-44c4-99d2-509d261fe01c	14d8528c-8a81-422d-827e-3cb0409f552e	1	900	1236	ties.\n(cid:127) Evaluate organs at risk and dose tolerance considerations.\n(cid:127) Apply image registration and fusion concepts to clinical scenarios.\nAssessment Methods\n(cid:127) Midterm Examinatio	ties.\n(cid:127) Evaluate organs at risk and dose tolerance considerations.\n(cid:127) Apply image registration and fusion concepts to clinical scenarios.\nAssessment Methods\n(cid:127) Midterm Examination – 30%\n(cid:127) Final Examination – 35%\n(cid:127) Imaging Interpretation Practical – 20%\n(cid:127) Group Case Study Presentation – 15%	2026-03-04 21:18:25.42827-05
f23135a8-0ef6-453a-aeb4-70032ce6b552	2d714562fdca34f8336fb0bfadb8fa7ed8abcbbce979916d5954f0d3158973bd	8c715724-3f6d-44c4-99d2-509d261fe01c	14d8528c-8a81-422d-827e-3cb0409f552e	2	0	323	Attendance\nAttendance is expected for all lectures and required laboratory sessions. Active participation enhances\nunderstanding of imaging-based anatomical interpretation.\nAcademic Integrity\nStudents	Attendance\nAttendance is expected for all lectures and required laboratory sessions. Active participation enhances\nunderstanding of imaging-based anatomical interpretation.\nAcademic Integrity\nStudents must adhere to Brown University academic policies. All work must be original unless\ncollaboration is explicitly permitted.	2026-03-04 21:18:25.42827-05
f6292c79-35ae-4d3e-b460-b54fad8af242	ec5d3df5f1880a03045279c12575ea0190929ea53a5a5475d0822e9a838dbafa	e79d3c79-e21d-4298-8962-22a9b46375bf	14d8528c-8a81-422d-827e-3cb0409f552e	1	0	52	MED 2181. Brain Sciences with Head and Neck Anatomy.	MED 2181. Brain Sciences with Head and Neck Anatomy.	2026-03-04 21:18:25.42827-05
406dbb66-2f09-40fe-afbb-e6e3599a5f6b	879f16d7a07ece467a2eed3040a14955d56e5b1bed7fd5026d54a68052facf7e	e79d3c79-e21d-4298-8962-22a9b46375bf	14d8528c-8a81-422d-827e-3cb0409f552e	1	54	958	This is a core course for the ScM in Medical Sciences degree, part of\nthe Gateways program at Alpert Medical School. This course builds on 4\nrequired prerequisite courses offered in the Fall Semester.	This is a core course for the ScM in Medical Sciences degree, part of\nthe Gateways program at Alpert Medical School. This course builds on 4\nrequired prerequisite courses offered in the Fall Semester. In this course,\nstudents learn the integration of neuroanatomy, gross anatomy and\nbasic science principles, and the application of these principles to clinical\nneurologic dysfunction. In the anatomy portion of this course, students\nlearn about the functional and developmental anatomy of the head and\nneck. This study is aided by review of prosections of the head, neck and\nbrain, and builds on anatomical structure and function learned in the fall\nsemester. The neurobiology section is designed to acquaint students with\nthe major structures and functions of the nervous system, building on\ncell physiology and introductory materials from the fall semester, and the\napplication to clinical dysfunction.	2026-03-04 21:18:25.42827-05
32a161f2-c1be-483a-b088-c98f1ded830a	07668809f51f733d5c34b54a7f5ba3fa0aed6e2aec39b4c20fae49c4c9baf101	e79d3c79-e21d-4298-8962-22a9b46375bf	14d8528c-8a81-422d-827e-3cb0409f552e	1	960	1798	MED 2190. Microbiology and Infectious Disease.\n\nMicrobiology and Infectious Disease is an integrated course that\nintroduces the basic biological principles, pathogenesis and host\nresponse, disease pre	MED 2190. Microbiology and Infectious Disease.\n\nMicrobiology and Infectious Disease is an integrated course that\nintroduces the basic biological principles, pathogenesis and host\nresponse, disease presentation, epidemiology, control and treatment\n\nof parasites, viruses, fungi and bacteria that cause human disease.\nEmphasis is placed on the most clinically significant and best\ncharacterized pathogens in each group. The Microbiology component\nof the course explores the characteristics of disease-causing\nmicroorganisms, mechanisms of transmission, immunity, and how specific\nmicrobial pathogens cause disease. Microbial disease states in multiple\norgan systems are addressed in the Infectious Disease component of\nthe course with a focus on common infectious diseases and their clinical\npresentation.\n\nMED 2200. Anatomy and Physiology.	2026-03-04 21:18:25.42827-05
37c99771-b3f3-44f4-8c3b-36385e17f204	133d9e900b81bdb4ddf399eeacdf787e86815222e4c3ea3b9a7c8a5da860c3ce	e79d3c79-e21d-4298-8962-22a9b46375bf	14d8528c-8a81-422d-827e-3cb0409f552e	1	1800	2651	This course will cover major organ systems and disease sites. Organ\nfunctions will be presented in addition to standard anatomy and cross-\nsectional imaging based on different modalities (x-ray Mammog	This course will cover major organ systems and disease sites. Organ\nfunctions will be presented in addition to standard anatomy and cross-\nsectional imaging based on different modalities (x-ray Mammography, CT,\nMRI, PET, US). Organs at risk and dose tolerance to normal structures will\nbe discussed. Image Registration and Fusion will also be covered, as will\nmotion management.\n\nMED 2210. Radiological Physics and Dosimetry.\n\nThis course will cover the fundamental physics behind radiation production\nand interaction, including a review of pertinent mathematics, classical\nmechanics, and nuclear physics. Topics to be covered within basic\nradiation physics: radioactive decay, radiation producing devices,\ncharacteristics of the different types of radiation (photons, charged and\nuncharged particles), mechanisms of their interactions with materials,	2026-03-04 21:18:25.42827-05
e3d94707-f326-4370-9cbf-9bb161a4613b	8043336ab280ae88a8bd2665098e6964c70c46797d71aea7ffe6843dfd214880	e79d3c79-e21d-4298-8962-22a9b46375bf	14d8528c-8a81-422d-827e-3cb0409f552e	1	2653	2869	and essentials of the determination of absorbed doses, by measurement\nand calculation, from ionizing radiation sources used in medical physics\n(clinical) situations.\n\nMED 2220. Radiation Protection & 	and essentials of the determination of absorbed doses, by measurement\nand calculation, from ionizing radiation sources used in medical physics\n(clinical) situations.\n\nMED 2220. Radiation Protection & Instrumentation.	2026-03-04 21:18:25.42827-05
fa843850-270d-43ad-b344-69efd82467bf	fc762b22e047e4cb662f80c856d1c1ce63accb1b31a0a288ea21132c01f023cd	e79d3c79-e21d-4298-8962-22a9b46375bf	14d8528c-8a81-422d-827e-3cb0409f552e	1	2871	3722	This course examines principles of radiation protection with application to\nthe hospital setting in radiation oncology, diagnostic imaging, and nuclear\nmedicine. Designs of facilities and quality mana	This course examines principles of radiation protection with application to\nthe hospital setting in radiation oncology, diagnostic imaging, and nuclear\nmedicine. Designs of facilities and quality management programs are\nexamined. Radiation safety practices are reviewed for involved hospital\nstaff, patients, and the general public. This includes various radiation\nsources: electronically-generated photons and electrons, sources of\nsealed radioactivity, and unsealed sources of radioactivity. Additionally,\nthe practice of radiation measurements as performed by the medical\nphysicist is taught. This aspect includes associated dosimetry protocols,\ninstrumentation, and clinical contexts. A practicum permits hands-on\nopportunities to assimilate the theoretical basis and rationale for radiation\nmeasurements.\n\nMED 2230. Computational Medical Physics.	2026-03-04 21:18:25.42827-05
8fc72745-d70b-4fd1-aa7e-1fd4991d69be	2e704de85029b59b869cc15b2704d45fa1ca6f545d4a3f461096af6f2b981bff	e79d3c79-e21d-4298-8962-22a9b46375bf	14d8528c-8a81-422d-827e-3cb0409f552e	1	3724	4363	The aim of the Computational Medical Physics course is to familiarize\nstudents with mathematical, statistical and computational techniques\n\nin Medical Physics and how they integrate at a systems level	The aim of the Computational Medical Physics course is to familiarize\nstudents with mathematical, statistical and computational techniques\n\nin Medical Physics and how they integrate at a systems level. Students\nwill learn about the emerging field of Computational Medical Physics\nthrough the application of mathematical modeling, computer simulations\nand quantitative and data-intensive analyses to medical data towards\nenhancing the accuracy, safety and efficiency of patient care and providing\nan understanding of cancer research. Basic programming skills are\nexpected.\n\nBrown University Bulletin 43\n\nMED 2250. Radiation Therapy Physics.	2026-03-04 21:18:25.42827-05
868bf4c2-2196-4318-b2fe-2cc78cb51115	4535724a0c9fb33c72d38b79c5ec97ca7072f9504e722c4c9c681c0f00bd28a1	e79d3c79-e21d-4298-8962-22a9b46375bf	14d8528c-8a81-422d-827e-3cb0409f552e	1	4365	4934	This course will provide a comprehensive survey of basic radiotherapy\nphysics, fundamental radiation therapy, and contemporary radiation\ntherapy. The basic principles of radiotherapy treatment modalit	This course will provide a comprehensive survey of basic radiotherapy\nphysics, fundamental radiation therapy, and contemporary radiation\ntherapy. The basic principles of radiotherapy treatment modalities,\nradiation detection, dose calibration methods, and image-based treatment\nplanning will be reviewed. Topics to be covered include external beam\nradiation therapy (photons, protons, and electrons), brachytherapy, and\nspecial procedures. Image guidance methods will be discussed as well as\npatient and machine quality assurance.\n\nMED 2260. Physics of Medical Imaging.	2026-03-04 21:18:25.42827-05
d6014f5d-7570-467d-91c2-1388bce6519f	456894d0f91c6639d33b3e847419cb0dbbeb10e2c2eecaad4fd9ea0ab8502ef7	e79d3c79-e21d-4298-8962-22a9b46375bf	14d8528c-8a81-422d-827e-3cb0409f552e	1	5718	6415	Advanced Therapy is meant to serve as a guided self-study of advanced /\napplied topics in radiation therapy with emphasis on current clinical usage.\nOptional topics include, but are not limited to, do	Advanced Therapy is meant to serve as a guided self-study of advanced /\napplied topics in radiation therapy with emphasis on current clinical usage.\nOptional topics include, but are not limited to, dose calculation algorithms,\noptimization techniques, deformable registration techniques, modeling\nwithin treatment planning systems, and treatment planning.\n\nMED 2300. MR Imaging Technology, Ultrasound, and Interventional.\nThis course will provide an introduction to magnetic resonance imaging\nscanner hardware, image acquisition methods used in the clinical\n\nsetting for various contrast weightings, imaging of physiologic function,\nand image reconstruction methods. Causes and corrective measures	2026-03-04 21:18:25.42827-05
46d225b7-d41a-41f1-ab7f-ba4700e8ac86	35f8e1b3f529356d9c15baec95e2c218ed9af2049efec2d0b7d632b1bb9c2519	e79d3c79-e21d-4298-8962-22a9b46375bf	14d8528c-8a81-422d-827e-3cb0409f552e	1	6417	7046	for image artifacts will be discussed. Image-guided interventions for\ntherapeutic purposes are becoming increasingly common as minimally-\ninvasive treatments increase in popularity. The course will di	for image artifacts will be discussed. Image-guided interventions for\ntherapeutic purposes are becoming increasingly common as minimally-\ninvasive treatments increase in popularity. The course will discuss some\ncommon methods used in interventional techniques with attention to\n\nthe hardware and real-time image acquisition methods used for such\ntherapies. An introduction to ultrasound imaging will be given which will\ninclude the physical principles of image formation, application of real-time\ntechniques, Doppler methods for assessing blood flow, and ultrasound use\nin interventional procedures.\n\nMED 2310. Radiation Biology.	2026-03-04 21:18:25.42827-05
c92ce5e4-bde1-43f2-af55-da836d8722f1	e6cd69d52a4f3d29996eb3eebcb99bdd3e02755e06d2216f26e4b0b09fefacb6	e79d3c79-e21d-4298-8962-22a9b46375bf	14d8528c-8a81-422d-827e-3cb0409f552e	1	7048	7768	This program provides a comprehensive overview of radiation biology\nwith a particular emphasis on aspects of direct relevance to the practice\nof radiation oncology. It addresses the molecular and cell	This program provides a comprehensive overview of radiation biology\nwith a particular emphasis on aspects of direct relevance to the practice\nof radiation oncology. It addresses the molecular and cellular responses\nto radiation-induced damage that influence cell death in both tumors\nand normal tissues. Quantification of radiation effects and the underlying\nbiological basis for fractionation of radiotherapy and dose-response\nrelationships in the clinic are covered in depth. The biological basis for\ncurrent approaches to improve radiotherapy will be described including\nnovel fractionation schemes, retreatment issues, targeting hypoxia, and\nbiological modifiers.\n\nMED 2980. Independent Study in Population Medicine.	2026-03-04 21:18:25.42827-05
5001d090-8ae6-4fa8-b02e-ad07c44e5dc6	30c349b429e3af9af2b6d67b4ab143e66271734a8e9203dbaed1c2d725eb9a1b	e79d3c79-e21d-4298-8962-22a9b46375bf	14d8528c-8a81-422d-827e-3cb0409f552e	1	7770	7993	For students enrolled in the Primary Care-Population Medicine program\nat Alpert Medical School, this course is structured to allow students to\nconduct research focused on population health with a ment	For students enrolled in the Primary Care-Population Medicine program\nat Alpert Medical School, this course is structured to allow students to\nconduct research focused on population health with a mentor at Brown\nUniversity.	2026-03-04 21:18:25.42827-05
0cb4d8c2-49ee-4574-99cd-8e1052da69cc	9416aa4e23cc19dd880e7ec2a6221c1dd8506d2e57d09a2eb5317ab250b0a41d	03bd475e-08c2-4a6b-874b-1140272b433f	6187bc1a-d4af-4e2d-8d29-069df547275f	1	0	900	BIOL 0280 — Biochemistry\nBrown University | Spring 2027\nCourse ID BIOL 0280\nCourse Title Biochemistry\nCredits Not specified in catalog excerpt\nFormat Lectures + Recitation\nInstructional Team\nInstructo	BIOL 0280 — Biochemistry\nBrown University | Spring 2027\nCourse ID BIOL 0280\nCourse Title Biochemistry\nCredits Not specified in catalog excerpt\nFormat Lectures + Recitation\nInstructional Team\nInstructor: Dr. Priya Nandakumar\nEmail: priya_nandakumar@brown.edu\nOffice Hours: Wed 10:00–11:30 AM and Thu 3:00–4:00 PM\nCourse Description\nLectures and recitation sections explore the mechanisms involved in the principles of macromolecular structure\nand function, the organization and regulation of pathways for intermediary metabolism, and the transfer of\ninformation from genes to proteins.\nExpected Background / Prerequisites\nStudents are expected to have prior coursework providing background in molecular-level thinking, such as:\n(cid:127) Cell and Molecular Biology (BIOL 0500), or\n(cid:127) Another intermediate-level course such as BIOL 0470, BIOL 0530, or NEUR 1020.\nLearning Outcomes\n(cid:127) Expl	2026-03-04 21:18:31.941871-05
498536fd-a8f0-404c-8938-e280badd34b6	5689cec025503ff3af0e08707b60eae3e3dd9d2570f314f42186d42facd5f03f	03bd475e-08c2-4a6b-874b-1140272b433f	6187bc1a-d4af-4e2d-8d29-069df547275f	1	900	1303	ain how macromolecular structure relates to biological function.\n(cid:127) Analyze how metabolic pathways are organized and regulated.\n(cid:127) Describe information flow from genes to proteins and it	ain how macromolecular structure relates to biological function.\n(cid:127) Analyze how metabolic pathways are organized and regulated.\n(cid:127) Describe information flow from genes to proteins and its biochemical implications.\n(cid:127) Apply mechanistic reasoning to biochemical case problems in recitation.\nGrading and Assessment\n(cid:127) Problem Sets (Recitation) – 30%\n(cid:127) Midterm Exam – 25%	2026-03-04 21:18:31.941871-05
90e267bc-6674-49dc-9a0c-fb3a5dcfc8c7	b638e7d5622a09007b057a7d52095f1e00327602b08443d6b1c7a782f1d06d83	03bd475e-08c2-4a6b-874b-1140272b433f	6187bc1a-d4af-4e2d-8d29-069df547275f	2	0	251	(cid:127) Final Exam – 35%\n(cid:127) Participation (Lecture/Recitation) – 10%\nCourse Policies\nAttendance: Regular attendance is expected, especially for recitation.\nAcademic Integrity: All submitted w	(cid:127) Final Exam – 35%\n(cid:127) Participation (Lecture/Recitation) – 10%\nCourse Policies\nAttendance: Regular attendance is expected, especially for recitation.\nAcademic Integrity: All submitted work must follow Brown University academic policies.	2026-03-04 21:18:31.941871-05
d1b8db0d-b12c-4bb6-a3c1-137fed8d7b8a	7301a7adc98e980174d2de4873739d731e00df426f960a6141e7dea3d99de778	9ed9acf2-7229-4a1b-8149-9156c691bf86	6187bc1a-d4af-4e2d-8d29-069df547275f	1	0	779	BIOL 0220. Discovering Novel Protein Folding Phenotypes of Wild\nYeast.\n\nYeast species have been used by humans for over millennia in food and\ndrink preparation. However, they are also a powerful model	BIOL 0220. Discovering Novel Protein Folding Phenotypes of Wild\nYeast.\n\nYeast species have been used by humans for over millennia in food and\ndrink preparation. However, they are also a powerful model system to\ntease out the genetic and molecular details of protein folding. Research\nlabs utilize yeast as a model system to study several cellular mechanisms,\nbut this entire body of work comes from just two different yeast strains.\nAnd yet, wild yeast grow everywhere in our everyday environments\noutside of the research lab; nature has provided rich genetic diversity\namong these yeast species that go unstudied in a research setting. In this\nCOEX course, you will investigate novel protein-folding phenotypes in\nthese unidentified wild yeast strains.\n\nBIOL 0280. Biochemistry.	2026-03-04 21:18:31.941871-05
46282601-e636-489d-b2a7-b0c51110ebdc	64136a1b960ba62a8a36dd998243f47d8ea36be7d8b412fe3e252e697d86a6ff	9ed9acf2-7229-4a1b-8149-9156c691bf86	6187bc1a-d4af-4e2d-8d29-069df547275f	1	1223	2011	BIOL 0285. Inquiry in Biochemistry: From Gene to Protein Function.\nIn this inquiry-based research course, students work in teams to formulate\nand test a hypothesis about how a change in genetic sequen	BIOL 0285. Inquiry in Biochemistry: From Gene to Protein Function.\nIn this inquiry-based research course, students work in teams to formulate\nand test a hypothesis about how a change in genetic sequence affects\nenzyme function. Students will cultivate skills in scientific visualization,\nexperimental design, data analysis, and laboratory techniques in molecular\nbiology and biochemistry. In discussion, students will learn scientific\nwriting through peer editing and iterative revisions to write a full scientific\npaper. This course is WRIT designated and will prepare students for\nwriting an honors thesis. Expected: Students have previously taken or be\nconcurrently enrolled in BIOL 0280. Enrollment in one lab section and one\ndiscussion section is required.\n\nBIOL 0300. Endocrinology.	2026-03-04 21:18:31.941871-05
071c6b3a-a9e0-40ad-bbde-52a2662f58bf	a0a67001ce0207a85e4dbea7f18ce72a9bc7b9b739337e436cfba9affc8e5b07	9ed9acf2-7229-4a1b-8149-9156c691bf86	6187bc1a-d4af-4e2d-8d29-069df547275f	1	2013	2870	A basic examination of endocrinology with emphasis on hormone\nbiosynthesis, mechanism of action, physiological roles, and endocrine\npathology. Topics include: mechanism of action of steroid, amine, an	A basic examination of endocrinology with emphasis on hormone\nbiosynthesis, mechanism of action, physiological roles, and endocrine\npathology. Topics include: mechanism of action of steroid, amine, and\npeptide hormones; neuroendocrinology; reproductive endocrinology; and\nendocrinology of metabolism and calcium homeostasis. It is expected that\nstudents have taken BIOL 0200 (or equivalent) and CHEM 0350.\n\nBIOL 0320. Vertebrate Embryology.\n\nIntroduction to the developmental anatomy of vertebrate embryos,\nincluding humans, in an evolutionary context, through lecture, discussion\nand microscope slide study. Gametogenesis through germ layers and their\norgan system derivatives. Expected: BIOL 0200, or equivalent placement,\nor AP Biology score of 4 or 5. Limited to 18 freshmen and 18 sophomores.\nStudents MUST register for the lecture section and the lab.	2026-03-04 21:18:31.941871-05
05ca1c60-cf85-44e5-901b-bb33e6d5d88a	8106cabb099c8d1eeeb2f23118bea231eb72ccb95691e4b5e4f7a71081e53992	9ed9acf2-7229-4a1b-8149-9156c691bf86	6187bc1a-d4af-4e2d-8d29-069df547275f	1	2872	3620	BIOL 0350. The Fossil Record: Life through Time on Earth.\n\nCourse is designed for students with prior background in geology or\nevolutionary biology and who want to learn more about the fossil record,\n	BIOL 0350. The Fossil Record: Life through Time on Earth.\n\nCourse is designed for students with prior background in geology or\nevolutionary biology and who want to learn more about the fossil record,\nthe origins of modern biodiversity and ecosystem structure, and interaction\nbetween organisms, and the geological and chemical cycles on the Earth.\nLectures will cover major time periods during which animals and plants\nlived, as well as focusing on major transitions in the evolution of life on\nEarth. This course will fulfill requirements in both the geology/biology and\nevolutionary biology concentrations. Expected: BIOL 0210, GEOL 0240\nor equivalent. Instructor permission, enrollment limited to 20 sophomores/\njuniors; register for course/lab.	2026-03-04 21:18:31.941871-05
883a61a1-ccbb-40b3-a700-7a74da4c4274	abce8c27f22c046eca842a9eaa8e60d4494f7e34537f83569cfff389d019ad4f	9ed9acf2-7229-4a1b-8149-9156c691bf86	6187bc1a-d4af-4e2d-8d29-069df547275f	1	3622	4458	BIOL 0380. The Ecology and Evolution of Infectious Disease.\nInfectious diseases remain among the leading causes of death worldwide,\nand this burden is disproportionately borne by children living in lo	BIOL 0380. The Ecology and Evolution of Infectious Disease.\nInfectious diseases remain among the leading causes of death worldwide,\nand this burden is disproportionately borne by children living in low- and\nmiddle-income countries. Thus management of infectious disease remains\na critical intellectual challenge in the 21st century. This course will develop\nand apply ecological and evolutionary theory to infectious microbes (and\ntheir hosts) via the detailed examination of a number of case studies.\n\nThis will be accomplished by a combination of lectures, discussions,\n\nand readings drawn mainly from the primary literature. Assessment will\n\nbe based on biweekly problem sets, two midterms and one final exam.\nExpected: BIOL 0200, BIOL 0210 or equivalent.\n\nBrown University Bulletin 59\n\nBIOL 0390. Vertebrate Evolution and Diversity.	2026-03-04 21:18:31.941871-05
d5c318e7-4b0b-4c7d-a666-5b1e155a5442	aa6e3079561c8803d5af7a6a7be7a6b8efdd172f993a72785e93094f075d7b10	9ed9acf2-7229-4a1b-8149-9156c691bf86	6187bc1a-d4af-4e2d-8d29-069df547275f	1	4460	4875	An overview of vertebrate evolution that not only covers historical events,\nbut also introduces various scientific concepts and modes of thought.\nTopics include past and present biodiversity, converge	An overview of vertebrate evolution that not only covers historical events,\nbut also introduces various scientific concepts and modes of thought.\nTopics include past and present biodiversity, convergent evolution,\nbiogeography, competition, continental drift, climatic change over time,\nthe notion of evolution as progress, and a whole-animal approach to\nunderstanding evolutionary events. Enrollment limited to 50.	2026-03-04 21:18:31.941871-05
aff05419-e7ab-4012-bdd2-256db19a01ae	ee717599b96798ecef9fdd90fae976a2fe8034711ff929dac9000efe08df4975	9ed9acf2-7229-4a1b-8149-9156c691bf86	6187bc1a-d4af-4e2d-8d29-069df547275f	1	4877	5544	BIOL 0400. Biological Design: Structural Architecture of Organisms.\nMany questions about the workings of living creatures can be answered\nby joining math, physics, and biology. We will identify basic 	BIOL 0400. Biological Design: Structural Architecture of Organisms.\nMany questions about the workings of living creatures can be answered\nby joining math, physics, and biology. We will identify basic physical\nscience concepts that help biologists understand the structure and\nfunction of animals, plants, and microorganisms, and use these to study\nhow the physical world constrains and facilitates the evolution of the\nextraordinary design and diversity of organisms. For first and second year\nstudents; others by permission. Recommended background: BIOL 0200,\nor equivalent. Enrollment limited to 40. Instructor permission required.\n\nBIOL 0410. Invertebrate Zoology.	2026-03-04 21:18:31.941871-05
1b62b321-48ea-4496-a504-c0e5b9e6fa4b	c2d8171648bd5c6ce940e9f1327052349af120d5be127595d2ed3d8e4bfc65f4	9ed9acf2-7229-4a1b-8149-9156c691bf86	6187bc1a-d4af-4e2d-8d29-069df547275f	1	5546	6446	A survey of invertebrate animals emphasizing evolutionary patterns and\necological relationships. Functional morphology, physiology, reproduction,\ndevelopment, and behavior of invertebrates will be exa	A survey of invertebrate animals emphasizing evolutionary patterns and\necological relationships. Functional morphology, physiology, reproduction,\ndevelopment, and behavior of invertebrates will be examined. Laboratory\nexercises and two separate day-long field trips provide firsthand\nexperience with the animals. Expected: BIOL 0200 or equivalent.\nEnrollment limited to 44. Students MUST register for the lecture section\nand a lab.\n\nBIOL 0415. Microbes in the Environment.\n\nExamines the diversity of microbial life in the environment. Surveys key\nservices that microbes perform on land and sea, including biodegradation\nof contaminants in the environment and ecosystem processes related to\nclimate change. Examines biological interactions of symbioses, quorum\nsensing, and antibiotic production in a ecological context. Explores the\ngenomic mechanisms explaining phylogeny and life history strategies	2026-03-04 21:18:31.941871-05
60c06a69-e9c8-4773-962f-bb1b016b8c22	e01a0d97a8820ee6d74d3cf34186a7372fdc96bbc47bb9ab8a4acc33237f08ac	9ed9acf2-7229-4a1b-8149-9156c691bf86	6187bc1a-d4af-4e2d-8d29-069df547275f	1	6448	7252	in microbes. Demonstrate knowledge of the diversity of microbes in the\nenvironment and benefits in an ecological/evolutionary context. Lecture\nbased, two fieldtrips to expand appreciation for microbia	in microbes. Demonstrate knowledge of the diversity of microbes in the\nenvironment and benefits in an ecological/evolutionary context. Lecture\nbased, two fieldtrips to expand appreciation for microbial ecology. BIOL\n0200 or equivalent placement; CHEM 0330. Enrollment limited to 20\nsophomores, juniors and seniors.\n\nBIOL 0420. Principles of Ecology.\n\nThe principles, concepts, and controversies involved in the study of the\ndistribution and abundance of plant and animal populations and their\nintegration into natural communities. Emphasizes interactions among\norganisms and the hierarchical nature of ecological processes affecting\nindividuals, populations, and communities. Expected: BIOL 0200 (or\nequivalent) and MATH 0090. Lectures and weekly discussion.\n\nBIOL 0430. The Evolution of Plant Diversity.	2026-03-04 21:18:31.941871-05
b252e319-6d07-4223-ae5b-56935a02a899	9306d5996e661cf2d898be7b36822004fa8e933bb1890877986e4599c2ba76f0	9ed9acf2-7229-4a1b-8149-9156c691bf86	6187bc1a-d4af-4e2d-8d29-069df547275f	1	7254	7926	Examines the evolutionary history of plants from a phylogenetic\nperspective. Introduces the principles of phylogenetics and the use of\nphylogenies to understand organismal evolution. Highlights major 	Examines the evolutionary history of plants from a phylogenetic\nperspective. Introduces the principles of phylogenetics and the use of\nphylogenies to understand organismal evolution. Highlights major trends\nin plant evolution over the past 400 million years. Lectures survey major\nplant lineages, with special focus on flowering plants. Weekly labs and\nassignments stress basic plant anatomy and morphology, identification,\nand learning to recognize and appreciate the abundance, diversity, and\nuses of plants in daily life. Expected: BIOL 0200 (or equivalent placement).\n\nBIOL 0440. Inquiry in Plant Biology: Analysis of Plant Growth,\nReproduction and Adaptive Responses.	2026-03-04 21:18:31.941871-05
95e088f3-05e7-47ad-a183-9b528a9bc8a4	0aafbba8dc9650e5f7e6b0a8390a4efcb59ede19461eab8a8b332c934309a88e	9ed9acf2-7229-4a1b-8149-9156c691bf86	6187bc1a-d4af-4e2d-8d29-069df547275f	1	7928	8605	This course focuses on what plants do and how they do it. Introduces\nthe biology of plants, their growth and development, structural features,\nand their cellular and organismal responses to key stimul	This course focuses on what plants do and how they do it. Introduces\nthe biology of plants, their growth and development, structural features,\nand their cellular and organismal responses to key stimuli. Examines\nphysiological, reproductive and developmental strategies throughout\nthe plant life cycle and in relation to environmental challenges. During\nlaboratory section meetings, students pursue inquiry-based group\nresearch projects addressing novel questions about mechanisms that\ncontrol plant growth and development. Laboratory section is required.\nPrerequisites: One Brown course with laboratory section in either Biology\nor Chemistry. Enrollment limited to 24 students.	2026-03-04 21:18:31.941871-05
1a9a7441-bae7-4cba-ad32-33171286cf36	393fc4e6439a0c225699d363fcb07ef6bd03df036224dbed697e0495ec2cb4d0	5a43aa7b-9836-460c-8fab-e63e457af856	5bfaf909-77b5-418a-ab56-8ff0c8d4e7f2	1	0	900	Principles of Ecology\nBIOL 0420 | Brown University | Fall 2027\nAbout This Course\nThis course examines the principles, concepts, and controversies involved in the study of the\ndistribution and abundanc	Principles of Ecology\nBIOL 0420 | Brown University | Fall 2027\nAbout This Course\nThis course examines the principles, concepts, and controversies involved in the study of the\ndistribution and abundance of plant and animal populations and their integration into natural\ncommunities. Emphasis is placed on interactions among organisms and the hierarchical nature of\necological processes affecting individuals, populations, and communities. The course is delivered\nthrough lectures and weekly discussion sections.\nPrerequisites\n(cid:127) BIOL 0200 (or equivalent)\n(cid:127) MATH 0090\nLearning Outcomes\n(cid:127) Explain ecological principles governing population distribution and abundance.\n(cid:127) Analyze interactions among organisms within communities.\n(cid:127) Evaluate hierarchical ecological processes affecting individuals, populations, and ecosystems.\n(cid:127) Interpret ecological data usin	2026-03-04 21:18:38.039548-05
388e1f3f-3a11-4027-b965-f26e2fc0b9e0	ae3567abb4a54b9de69c2e054f91899c8aad8629b148185f07a9f15893931167	5a43aa7b-9836-460c-8fab-e63e457af856	5bfaf909-77b5-418a-ab56-8ff0c8d4e7f2	1	900	1107	g quantitative reasoning.\nAssessment Overview\n(cid:127) Midterm Exam – 30%\n(cid:127) Final Exam – 35%\n(cid:127) Discussion Participation – 15%\n(cid:127) Ecological Data Analysis Project – 20%\nAcademic	g quantitative reasoning.\nAssessment Overview\n(cid:127) Midterm Exam – 30%\n(cid:127) Final Exam – 35%\n(cid:127) Discussion Participation – 15%\n(cid:127) Ecological Data Analysis Project – 20%\nAcademic Policy	2026-03-04 21:18:38.039548-05
b627562d-6bcd-4a82-8395-7eff135f9952	bf5bd0cf769e06142c35ea5b3e81d6b494b5ba6d1a8a03fe5d97b7c7b95b5dc2	5a43aa7b-9836-460c-8fab-e63e457af856	5bfaf909-77b5-418a-ab56-8ff0c8d4e7f2	2	0	145	Students are expected to follow Brown University academic integrity standards. Active participation in\nweekly discussions is strongly encouraged.	Students are expected to follow Brown University academic integrity standards. Active participation in\nweekly discussions is strongly encouraged.	2026-03-04 21:18:38.039548-05
8e84f896-329d-4e4d-acdd-ab989df9bb8e	26e03cfa48b8f85245a590349d0dceb3c734608077219cb7e4b4db250cf36de8	52ce2f4c-fc4f-430a-bc6c-d4e72cfd77e1	5bfaf909-77b5-418a-ab56-8ff0c8d4e7f2	1	0	779	BIOL 0220. Discovering Novel Protein Folding Phenotypes of Wild\nYeast.\n\nYeast species have been used by humans for over millennia in food and\ndrink preparation. However, they are also a powerful model	BIOL 0220. Discovering Novel Protein Folding Phenotypes of Wild\nYeast.\n\nYeast species have been used by humans for over millennia in food and\ndrink preparation. However, they are also a powerful model system to\ntease out the genetic and molecular details of protein folding. Research\nlabs utilize yeast as a model system to study several cellular mechanisms,\nbut this entire body of work comes from just two different yeast strains.\nAnd yet, wild yeast grow everywhere in our everyday environments\noutside of the research lab; nature has provided rich genetic diversity\namong these yeast species that go unstudied in a research setting. In this\nCOEX course, you will investigate novel protein-folding phenotypes in\nthese unidentified wild yeast strains.\n\nBIOL 0280. Biochemistry.	2026-03-04 21:18:38.039548-05
fdae4778-66d5-43ce-95e0-564f5040122e	f0b457b4d57118c25dbf042baf2b28f46604ab3887de51977967282c27ef914f	52ce2f4c-fc4f-430a-bc6c-d4e72cfd77e1	5bfaf909-77b5-418a-ab56-8ff0c8d4e7f2	1	781	1221	Lectures and recitation sections explore the mechanisms involved in the\nprinciples of macromolecular structure and function, the organization\nand regulation of pathways for intermediary metabolism, an	Lectures and recitation sections explore the mechanisms involved in the\nprinciples of macromolecular structure and function, the organization\nand regulation of pathways for intermediary metabolism, and the transfer\nof information from genes to proteins. Expected background: Cell and\nMolecular Biology (BIOL 0500) or another intermediate level course\nproviding background in molecular level thinking, e.g. BIOL 0470, BIOL\n0530 or NEUR 1020.	2026-03-04 21:18:38.039548-05
44b7b0b8-633e-4b77-9dc3-a2ec40690925	8c6e14b4098f93177cdc0379af00fd910d417bc9575d8c41ba26cab64046cdec	52ce2f4c-fc4f-430a-bc6c-d4e72cfd77e1	5bfaf909-77b5-418a-ab56-8ff0c8d4e7f2	1	1223	2011	BIOL 0285. Inquiry in Biochemistry: From Gene to Protein Function.\nIn this inquiry-based research course, students work in teams to formulate\nand test a hypothesis about how a change in genetic sequen	BIOL 0285. Inquiry in Biochemistry: From Gene to Protein Function.\nIn this inquiry-based research course, students work in teams to formulate\nand test a hypothesis about how a change in genetic sequence affects\nenzyme function. Students will cultivate skills in scientific visualization,\nexperimental design, data analysis, and laboratory techniques in molecular\nbiology and biochemistry. In discussion, students will learn scientific\nwriting through peer editing and iterative revisions to write a full scientific\npaper. This course is WRIT designated and will prepare students for\nwriting an honors thesis. Expected: Students have previously taken or be\nconcurrently enrolled in BIOL 0280. Enrollment in one lab section and one\ndiscussion section is required.\n\nBIOL 0300. Endocrinology.	2026-03-04 21:18:38.039548-05
0ec56583-5754-4ccf-b214-50b6eea2c262	ed9e0232ab0ba6cc0ef06f76f5a805debffc6439ac28d418cbf900de9092c620	52ce2f4c-fc4f-430a-bc6c-d4e72cfd77e1	5bfaf909-77b5-418a-ab56-8ff0c8d4e7f2	1	2013	2870	A basic examination of endocrinology with emphasis on hormone\nbiosynthesis, mechanism of action, physiological roles, and endocrine\npathology. Topics include: mechanism of action of steroid, amine, an	A basic examination of endocrinology with emphasis on hormone\nbiosynthesis, mechanism of action, physiological roles, and endocrine\npathology. Topics include: mechanism of action of steroid, amine, and\npeptide hormones; neuroendocrinology; reproductive endocrinology; and\nendocrinology of metabolism and calcium homeostasis. It is expected that\nstudents have taken BIOL 0200 (or equivalent) and CHEM 0350.\n\nBIOL 0320. Vertebrate Embryology.\n\nIntroduction to the developmental anatomy of vertebrate embryos,\nincluding humans, in an evolutionary context, through lecture, discussion\nand microscope slide study. Gametogenesis through germ layers and their\norgan system derivatives. Expected: BIOL 0200, or equivalent placement,\nor AP Biology score of 4 or 5. Limited to 18 freshmen and 18 sophomores.\nStudents MUST register for the lecture section and the lab.	2026-03-04 21:18:38.039548-05
e7597449-2d19-48f0-8e28-e1a51d714ec7	f027ede8a494278daaf2fa679853a2053b75f39d9875354c42506ea800edb346	52ce2f4c-fc4f-430a-bc6c-d4e72cfd77e1	5bfaf909-77b5-418a-ab56-8ff0c8d4e7f2	1	2872	3620	BIOL 0350. The Fossil Record: Life through Time on Earth.\n\nCourse is designed for students with prior background in geology or\nevolutionary biology and who want to learn more about the fossil record,\n	BIOL 0350. The Fossil Record: Life through Time on Earth.\n\nCourse is designed for students with prior background in geology or\nevolutionary biology and who want to learn more about the fossil record,\nthe origins of modern biodiversity and ecosystem structure, and interaction\nbetween organisms, and the geological and chemical cycles on the Earth.\nLectures will cover major time periods during which animals and plants\nlived, as well as focusing on major transitions in the evolution of life on\nEarth. This course will fulfill requirements in both the geology/biology and\nevolutionary biology concentrations. Expected: BIOL 0210, GEOL 0240\nor equivalent. Instructor permission, enrollment limited to 20 sophomores/\njuniors; register for course/lab.	2026-03-04 21:18:38.039548-05
843ad213-5e45-4b4b-bec1-f2db4f775b88	a8f40afb2b3b80e30f7872ee43d9809d65027558d970901f8aa05f15d326d03a	52ce2f4c-fc4f-430a-bc6c-d4e72cfd77e1	5bfaf909-77b5-418a-ab56-8ff0c8d4e7f2	1	3622	4458	BIOL 0380. The Ecology and Evolution of Infectious Disease.\nInfectious diseases remain among the leading causes of death worldwide,\nand this burden is disproportionately borne by children living in lo	BIOL 0380. The Ecology and Evolution of Infectious Disease.\nInfectious diseases remain among the leading causes of death worldwide,\nand this burden is disproportionately borne by children living in low- and\nmiddle-income countries. Thus management of infectious disease remains\na critical intellectual challenge in the 21st century. This course will develop\nand apply ecological and evolutionary theory to infectious microbes (and\ntheir hosts) via the detailed examination of a number of case studies.\n\nThis will be accomplished by a combination of lectures, discussions,\n\nand readings drawn mainly from the primary literature. Assessment will\n\nbe based on biweekly problem sets, two midterms and one final exam.\nExpected: BIOL 0200, BIOL 0210 or equivalent.\n\nBrown University Bulletin 59\n\nBIOL 0390. Vertebrate Evolution and Diversity.	2026-03-04 21:18:38.039548-05
e5cd084d-229c-41fe-96fa-02828e998cb5	7917754ec49be3c8bf69b0769ee8948eee28692bd33a025ede25a0d18d5d8357	52ce2f4c-fc4f-430a-bc6c-d4e72cfd77e1	5bfaf909-77b5-418a-ab56-8ff0c8d4e7f2	1	4460	4875	An overview of vertebrate evolution that not only covers historical events,\nbut also introduces various scientific concepts and modes of thought.\nTopics include past and present biodiversity, converge	An overview of vertebrate evolution that not only covers historical events,\nbut also introduces various scientific concepts and modes of thought.\nTopics include past and present biodiversity, convergent evolution,\nbiogeography, competition, continental drift, climatic change over time,\nthe notion of evolution as progress, and a whole-animal approach to\nunderstanding evolutionary events. Enrollment limited to 50.	2026-03-04 21:18:38.039548-05
8708e16b-69ec-42bc-82e6-c4a3edb469bb	b37daf31c4d941085eb29ea38f0c6a5e6051a95a2fd89ca878311724095ad640	52ce2f4c-fc4f-430a-bc6c-d4e72cfd77e1	5bfaf909-77b5-418a-ab56-8ff0c8d4e7f2	1	4877	5544	BIOL 0400. Biological Design: Structural Architecture of Organisms.\nMany questions about the workings of living creatures can be answered\nby joining math, physics, and biology. We will identify basic 	BIOL 0400. Biological Design: Structural Architecture of Organisms.\nMany questions about the workings of living creatures can be answered\nby joining math, physics, and biology. We will identify basic physical\nscience concepts that help biologists understand the structure and\nfunction of animals, plants, and microorganisms, and use these to study\nhow the physical world constrains and facilitates the evolution of the\nextraordinary design and diversity of organisms. For first and second year\nstudents; others by permission. Recommended background: BIOL 0200,\nor equivalent. Enrollment limited to 40. Instructor permission required.\n\nBIOL 0410. Invertebrate Zoology.	2026-03-04 21:18:38.039548-05
94c689af-23e9-4fa5-bd6a-2a1fbaf51788	098d1ecf2b1286f72074f9d34c32c9bd92e3ab4ec464e7ec53b19c4d76a531d5	52ce2f4c-fc4f-430a-bc6c-d4e72cfd77e1	5bfaf909-77b5-418a-ab56-8ff0c8d4e7f2	1	5546	6446	A survey of invertebrate animals emphasizing evolutionary patterns and\necological relationships. Functional morphology, physiology, reproduction,\ndevelopment, and behavior of invertebrates will be exa	A survey of invertebrate animals emphasizing evolutionary patterns and\necological relationships. Functional morphology, physiology, reproduction,\ndevelopment, and behavior of invertebrates will be examined. Laboratory\nexercises and two separate day-long field trips provide firsthand\nexperience with the animals. Expected: BIOL 0200 or equivalent.\nEnrollment limited to 44. Students MUST register for the lecture section\nand a lab.\n\nBIOL 0415. Microbes in the Environment.\n\nExamines the diversity of microbial life in the environment. Surveys key\nservices that microbes perform on land and sea, including biodegradation\nof contaminants in the environment and ecosystem processes related to\nclimate change. Examines biological interactions of symbioses, quorum\nsensing, and antibiotic production in a ecological context. Explores the\ngenomic mechanisms explaining phylogeny and life history strategies	2026-03-04 21:18:38.039548-05
b4e60490-c6c1-4c22-9f66-0f7727b17f9d	b0fcfe42619b3cc20709a7a2886940208a1be80c0074192b6feadb1387fc6957	52ce2f4c-fc4f-430a-bc6c-d4e72cfd77e1	5bfaf909-77b5-418a-ab56-8ff0c8d4e7f2	1	6448	7252	in microbes. Demonstrate knowledge of the diversity of microbes in the\nenvironment and benefits in an ecological/evolutionary context. Lecture\nbased, two fieldtrips to expand appreciation for microbia	in microbes. Demonstrate knowledge of the diversity of microbes in the\nenvironment and benefits in an ecological/evolutionary context. Lecture\nbased, two fieldtrips to expand appreciation for microbial ecology. BIOL\n0200 or equivalent placement; CHEM 0330. Enrollment limited to 20\nsophomores, juniors and seniors.\n\nBIOL 0420. Principles of Ecology.\n\nThe principles, concepts, and controversies involved in the study of the\ndistribution and abundance of plant and animal populations and their\nintegration into natural communities. Emphasizes interactions among\norganisms and the hierarchical nature of ecological processes affecting\nindividuals, populations, and communities. Expected: BIOL 0200 (or\nequivalent) and MATH 0090. Lectures and weekly discussion.\n\nBIOL 0430. The Evolution of Plant Diversity.	2026-03-04 21:18:38.039548-05
4d206152-e95f-4e6d-aa4b-77d9f7463131	dcdb7660f5142c38fa12e3c6f421bd2ff7502c9add85fa82fe72d140a2c04046	52ce2f4c-fc4f-430a-bc6c-d4e72cfd77e1	5bfaf909-77b5-418a-ab56-8ff0c8d4e7f2	1	7254	7926	Examines the evolutionary history of plants from a phylogenetic\nperspective. Introduces the principles of phylogenetics and the use of\nphylogenies to understand organismal evolution. Highlights major 	Examines the evolutionary history of plants from a phylogenetic\nperspective. Introduces the principles of phylogenetics and the use of\nphylogenies to understand organismal evolution. Highlights major trends\nin plant evolution over the past 400 million years. Lectures survey major\nplant lineages, with special focus on flowering plants. Weekly labs and\nassignments stress basic plant anatomy and morphology, identification,\nand learning to recognize and appreciate the abundance, diversity, and\nuses of plants in daily life. Expected: BIOL 0200 (or equivalent placement).\n\nBIOL 0440. Inquiry in Plant Biology: Analysis of Plant Growth,\nReproduction and Adaptive Responses.	2026-03-04 21:18:38.039548-05
fdd404f1-4933-43ad-90c3-4091da8f76c5	790c6991a09f493b6cb66d59b5111ac4522a4d07bb2bc05c5af7f364d8c9e1be	52ce2f4c-fc4f-430a-bc6c-d4e72cfd77e1	5bfaf909-77b5-418a-ab56-8ff0c8d4e7f2	1	7928	8605	This course focuses on what plants do and how they do it. Introduces\nthe biology of plants, their growth and development, structural features,\nand their cellular and organismal responses to key stimul	This course focuses on what plants do and how they do it. Introduces\nthe biology of plants, their growth and development, structural features,\nand their cellular and organismal responses to key stimuli. Examines\nphysiological, reproductive and developmental strategies throughout\nthe plant life cycle and in relation to environmental challenges. During\nlaboratory section meetings, students pursue inquiry-based group\nresearch projects addressing novel questions about mechanisms that\ncontrol plant growth and development. Laboratory section is required.\nPrerequisites: One Brown course with laboratory section in either Biology\nor Chemistry. Enrollment limited to 24 students.	2026-03-04 21:18:38.039548-05
07d9349f-fb1a-4949-b423-2df17569acc2	bcbd3f728b9857aec91275d9f94aba41e1e78f0c6c61f65e46d6fc532708d5b1	da3b90e5-4ba5-40bd-9530-e1df3c323124	a246993d-c926-4f0b-ab89-eea2c28236c5	1	0	900	APPH 6209 — Clinical Pathology\nGeorgia Institute of Technology | 2025–2026 Catalog Evidence: p. 91\nCourse Number APPH 6209\nCourse Title Clinical Pathology\nCredit Hours 2\nTerm Not specified in excerpt\n	APPH 6209 — Clinical Pathology\nGeorgia Institute of Technology | 2025–2026 Catalog Evidence: p. 91\nCourse Number APPH 6209\nCourse Title Clinical Pathology\nCredit Hours 2\nTerm Not specified in excerpt\nDelivery Lecture\nInstructor\nName: Dr. Elena Martinez\nEmail: elena.martinez@gatech.edu\nOffice Hours: Tue/Thu 11:00 AM–12:00 PM (or by appointment)\nCourse Description\nSystems level overview of human pathology with emphasis on the effect of disease on human movement and\nneuromechanical function.\nKey Topics\n(cid:127) Systems-level mechanisms of disease and dysfunction\n(cid:127) Pathology impacts on human movement\n(cid:127) Neuromechanical consequences of common disease processes\n(cid:127) Clinical interpretation of pathological findings in movement contexts\nEvaluation\n(cid:127) Short Quizzes – 20%\n(cid:127) Midterm Exam – 30%\n(cid:127) Final Exam – 35%\n(cid:127) Case Reflection Assignments – 15%	2026-03-04 21:18:44.193071-05
1b69d055-34b9-4bf1-8b0a-dffa7cdb7cdc	83bcaf03c2d03b050b13099119f14139ce3504280430e8c584cc9e638533a03b	da3b90e5-4ba5-40bd-9530-e1df3c323124	a246993d-c926-4f0b-ab89-eea2c28236c5	1	900	909	\nPolicies	\nPolicies	2026-03-04 21:18:44.193071-05
c931e54a-5595-4750-b641-08667a8efa72	f1913581c28fd014d01dc8d7b522d36be9af02348ec09dcdb1ec52084342d2fc	da3b90e5-4ba5-40bd-9530-e1df3c323124	a246993d-c926-4f0b-ab89-eea2c28236c5	2	0	191	Attendance: Attendance is expected; in-class case discussions may not be replicable outside class.\nAcademic Integrity: Follow Georgia Tech academic integrity standards for all submitted work.	Attendance: Attendance is expected; in-class case discussions may not be replicable outside class.\nAcademic Integrity: Follow Georgia Tech academic integrity standards for all submitted work.	2026-03-04 21:18:44.193071-05
3ff37aa7-cbfa-43ef-aa12-bfb5c1ff9c66	9616a63f948ce33db22717b97d0cc12dd0ac2ae61ba5aede525a7955c2374af7	8b345d9e-ee22-467d-a526-557cc1079331	a246993d-c926-4f0b-ab89-eea2c28236c5	1	0	861	APPH 6202. Clinical Gait Analysis. 3 Credit Hours.\n\nAnalysis of normal and pathological human locomotion. Study of theory and instrumentation for measurement of\ntemporal and spatial kinematics and kin	APPH 6202. Clinical Gait Analysis. 3 Credit Hours.\n\nAnalysis of normal and pathological human locomotion. Study of theory and instrumentation for measurement of\ntemporal and spatial kinematics and kinetics, electromyography, and plantar pressure.\n\nAPPH 6203. Biomechanics and Kinesiology in Prosthetics and Orthotics. 2 Credit Hours.\n\nMechanics of human movement applied to the study of artifical limbs and braces. Emphasis on neuromuscular\ncontrol, Newtonian mechanics, kinematics and kinetics.\n\nAPPH 6209. Clinical Pathology. 2 Credit Hours.\n\nSystems level overview of human pathology with emphasis on the effect of disease on human movement and\nneuromechanical function.\n\nAPPH 6211. Systems Physiology |: Cellular Mechanisms of Plasticity. 3 Credit Hours.\n\nThe course will focus on adaptations of skeletal, muscular, and neural systems at the cellular level.	2026-03-04 21:18:44.193071-05
a55dde0a-04b2-4510-b94b-955d2540052c	4ece852816035630eb36e142030b6f74a64c01e0c369b3c178d950c98266242d	8b345d9e-ee22-467d-a526-557cc1079331	a246993d-c926-4f0b-ab89-eea2c28236c5	1	863	1698	APPH 6212. Systems Physiology II: Physiology of Neuromotor Tissues. 3 Credit Hours.\n\nThe course will focus on function and adaptations of skeletal, muscular, and neural systems. Interactions among\nthe	APPH 6212. Systems Physiology II: Physiology of Neuromotor Tissues. 3 Credit Hours.\n\nThe course will focus on function and adaptations of skeletal, muscular, and neural systems. Interactions among\nthe various systems and their plasticity will be emphasized.\n\nAPPH 6213. Systems Physiology Ill: Integrated Systems and Adaptation. 3 Credit Hours.\n\nThe course will focus on integrative mechanism impacting motor system performance. Interactions among the\nvarious systems and their plasticity will be emphasized.\n\nAPPH 6214. Laboratory Rotations in Prosthetics and Orthotics. 2 Credit Hours.\n\nThis course will provide the opportunity for students in individual laboratories to support their graduate training in\nprosthetics and orthotics.\n\nAPPH 6215. Studies in Responsible Conduct of Research in Prosthetics and Orthotics. 3\nCredit Hours.	2026-03-04 21:18:44.193071-05
6d5b8669-92b8-47d6-90c1-98a64986bd34	1b550a312560f43a7cd0a38af502fb5317aa1cf088f17f881e33b560dde3b390	8c81e46f-ca76-4625-aaee-7010904b2f05	d5fc12cf-6815-4eb8-8e9e-28cf4756bc7b	1	0	900	APPH 6500 – Classics in Neuroscience\nGeorgia Institute of Technology | 1 Credit Hour | Seminar Format\nSeminar Instructor\nName: Dr. Robert Ellis\nEmail: robert.ellis@gatech.edu\nOffice Hours: By appointm	APPH 6500 – Classics in Neuroscience\nGeorgia Institute of Technology | 1 Credit Hour | Seminar Format\nSeminar Instructor\nName: Dr. Robert Ellis\nEmail: robert.ellis@gatech.edu\nOffice Hours: By appointment\nCourse Description\nThe purpose of this seminar is to learn and explore the history of neuroscience from a perspective of\nreading classic papers that have evolved.\nSeminar Objectives\n(cid:127) Examine foundational papers that shaped the field of neuroscience.\n(cid:127) Discuss historical context surrounding major discoveries.\n(cid:127) Critically analyze the evolution of experimental methods and theory.\n(cid:127) Engage in scholarly discussion of classic scientific literature.\nEvaluation Criteria\n(cid:127) Active Participation in Weekly Discussions – 40%\n(cid:127) Paper Presentation – 30%\n(cid:127) Reflective Analysis Essay – 30%\nAcademic Integrity\nStudents must adhere to Georgia Institut	2026-03-04 21:18:46.530966-05
ae232ee7-93d1-4e45-89a2-098c81e67efd	b02c711d0310dda6c8fadb4e29baa4b261e65bf033a939580e299b63160426a1	8c81e46f-ca76-4625-aaee-7010904b2f05	d5fc12cf-6815-4eb8-8e9e-28cf4756bc7b	1	900	1020	e of Technology academic integrity policies. All written\nreflections and presentations must represent original analysis.	e of Technology academic integrity policies. All written\nreflections and presentations must represent original analysis.	2026-03-04 21:18:46.530966-05
57a1d6af-0acf-4196-8dfc-e8dc225b44b2	bc1a59551d02d0bc7864d2a13469d0a8032c37372a39fd2f18f4e4bf8e9ea67d	9a60938d-ffe9-4a63-9faa-e13aaa4ddae7	d5fc12cf-6815-4eb8-8e9e-28cf4756bc7b	1	0	883	APPH 6237. Methods of Human Neuroimaging. 3 Credit Hours.\n\nThe purpose of the course is to introduce various methods of functional neuroimaging in humans.\n\nAPPH 6238. lon Channels in Health and Diseas	APPH 6237. Methods of Human Neuroimaging. 3 Credit Hours.\n\nThe purpose of the course is to introduce various methods of functional neuroimaging in humans.\n\nAPPH 6238. lon Channels in Health and Disease. 3 Credit Hours.\n\nThis course will examine the structure, function and regulation of ion channels from both excitable and non-\nexcitable cells.\n\nAPPH 6239. Movement Disorders. 3 Credit Hours.\n\nThis course serves as an introduction to the clinical and research aspects of movement disorders.\n\nAPPH 6240. Cellular Physiology and Adaptation. 3 Credit Hours.\n\nThis course will focus on adaptations of skeletal, muscular and neural systems at the cellular level.\n\nAPPH 6241. Neuromotor Physiology. 3 Credit Hours.\n\nThe course will focus on function and adaptations of the skeletal, muscular and neural systems. Interactions among\nvarious systems and their plasticity will be emphasized.	2026-03-04 21:18:46.530966-05
d3cf9ef5-972d-4b15-861b-87f6d0c4c2aa	2cde8558e7f67b90edb11ae258ff5cb1d144fe54f82f58b1a0f9323ff115c700	9a60938d-ffe9-4a63-9faa-e13aaa4ddae7	d5fc12cf-6815-4eb8-8e9e-28cf4756bc7b	1	885	1682	APPH 6242. Integrative Physiology. 3 Credit Hours.\n\nThe course will focus on integrative mechanisms impacting motor system performance. Interactions among the\nvarious systems and their plasticity will	APPH 6242. Integrative Physiology. 3 Credit Hours.\n\nThe course will focus on integrative mechanisms impacting motor system performance. Interactions among the\nvarious systems and their plasticity will be emphasized.\n\nAPPH 6400. Human Neuroanatomy. 3 Credit Hours.\n\nThe purpose of this course is to learn the anatomical makeup of the human nervous system. In this course we will\nclosely examine details of central and peripheral neuroanatomy with links to function. As well, comparisons with\nnon-human vertebrate neuroanatomy will be made.\n\nAPPH 6500. Classics in Neuroscience. 1 Credit Hour.\n\nThe purpose of this seminar is to learn and explore the history of neuroscience from a perspective of reading\nclassic papers that have evolved.\n\nAPPH 6600. Muscle Structure and Plasticity. 3 Credit Hours.	2026-03-04 21:18:46.530966-05
6c9c67a8-d27c-4744-a375-94bdac38563d	011152a9bd5a05b5bc2e6e4b9cf954ad3204481c3c839937344fe5b67e459516	1ed004d6-2851-4085-9fa5-f12a64fdd1b1	2ace3c91-1d54-4ac7-ae12-fdc2262a99e7	1	0	900	10.213 — Chemical and Biological Engineering\nThermodynamics\nMassachusetts Institute of Technology (MIT) | Spring 2027\nCASE08 Evidence Source: MIT Bulletin (Chemical Engineering Department excerpt)\nSub	10.213 — Chemical and Biological Engineering\nThermodynamics\nMassachusetts Institute of Technology (MIT) | Spring 2027\nCASE08 Evidence Source: MIT Bulletin (Chemical Engineering Department excerpt)\nSubject Number 10.213\nSubject Title Chemical and Biological Engineering Thermodynamics\nUnits 12 (3-0-9)\nPrerequisites Calculus and introductory chemistry/physics (recommended)\nMeets With Undergraduate Chemical Engineering (Course 10) students\nInstructor Information\nInstructor: Prof. Dana Whitaker\nEmail: dwhitaker@mit.edu\nOffice Hours: Mon 2:00–3:30 PM and Thu 10:00–11:00 AM\nCourse Description\nIntroduces core thermodynamic principles used to analyze chemical and biological engineering systems. Topics\ninclude properties of pure substances, energy and entropy balances, phase behavior, chemical potential, and\nequilibrium in reacting and nonreacting systems. Emphasis is placed on connecting molecula	2026-03-04 21:18:48.748228-05
41814398-b469-48c5-9fd2-1fc2fee3ee53	521de166b653d17e290eccb6757ca72d71d47eea2448194425acce331e2af2f9	1ed004d6-2851-4085-9fa5-f12a64fdd1b1	2ace3c91-1d54-4ac7-ae12-fdc2262a99e7	1	900	1550	r-level models to\nmacroscopic predictions used in engineering design and analysis.\nLearning Objectives\n(cid:127) Apply the first and second laws of thermodynamics to closed and open systems.\n(cid:127)	r-level models to\nmacroscopic predictions used in engineering design and analysis.\nLearning Objectives\n(cid:127) Apply the first and second laws of thermodynamics to closed and open systems.\n(cid:127) Compute thermodynamic properties using equations of state and property relations.\n(cid:127) Analyze phase equilibria and interpret phase diagrams relevant to process design.\n(cid:127) Use chemical potential and fugacity concepts to reason about mixture behavior.\n(cid:127) Solve equilibrium problems for reacting systems using thermodynamic constraints.\nAssessment\n(cid:127) Problem Sets – 35%\n(cid:127) Midterm Exam – 25%\n(cid:127) Final Exam – 35%	2026-03-04 21:18:48.748228-05
915485fa-c0c4-4223-b3e9-7371b2b14432	0f4e9d45c3a1c429fb7eaf316abf4915161ec834f8986a02631fa8d710d74c7e	1ed004d6-2851-4085-9fa5-f12a64fdd1b1	2ace3c91-1d54-4ac7-ae12-fdc2262a99e7	2	0	412	(cid:127) Participation – 5%\nTest Case Note (for Evaluators)\nIn CASE08, the accompanying MIT catalog excerpt is department/program-focused and may not provide a full\ncourse-level description for 10.21	(cid:127) Participation – 5%\nTest Case Note (for Evaluators)\nIn CASE08, the accompanying MIT catalog excerpt is department/program-focused and may not provide a full\ncourse-level description for 10.213. The parser should still attempt to match the subject number/title if present,\nand gracefully handle missing catalog fields (e.g., credits/description/prereqs) with a lower confidence score\nrather than failing.	2026-03-04 21:18:48.748228-05
93ff3d55-5a0a-486e-9896-725994edfcb9	69d5713fef93114a44518de167d155ce6eda2c53db07e10ddaac77ed996d7b57	a1d04cc3-271f-4af0-a315-42c7d031c515	2ace3c91-1d54-4ac7-ae12-fdc2262a99e7	5	1898	2383	In the department, students will find expertise in combustion,\nchemical reaction networks, renewable energy and upgrading of\nnonconventional fuels, carbon dioxide capture and sequestration,\nwater puri	In the department, students will find expertise in combustion,\nchemical reaction networks, renewable energy and upgrading of\nnonconventional fuels, carbon dioxide capture and sequestration,\nwater purification and catalytic treatment of pollutants, global air\npollution modeling, design of novel energy conversion processes,\nenergy supply chains, and many other areas of energy and\nenvironmental engineering. Faculty in the department are actively\ninvolved in the MIT Energy Initiative.	2026-03-04 21:18:48.748228-05
2c22409b-7fe2-4a97-92b2-08233953c56e	bee1e2ac4c6d390d6e71cc5431f6af8fbd63b9c9e432d390ceb330288a863dc9	a1d04cc3-271f-4af0-a315-42c7d031c515	2ace3c91-1d54-4ac7-ae12-fdc2262a99e7	1	0	630	DEPARTMENT OF CHEMICAL ENGINEERING\n\nDEPARTMENT OF CHEMICAL ENGINEERING\n\nChemical engineering encompasses the translation of molecular\ninformation into discovery of new products and processes. It\ninvol	DEPARTMENT OF CHEMICAL ENGINEERING\n\nDEPARTMENT OF CHEMICAL ENGINEERING\n\nChemical engineering encompasses the translation of molecular\ninformation into discovery of new products and processes. It\ninvolves molecular transformations—chemical, physical, and\nbiological—with multi-scale description from the submolecular\n\nto the macroscopic, and the analysis and synthesis of such\nsystems. The chemical engineer is well prepared for a rewarding\ncareer in a strikingly diverse array of industries and professional\narenas. Whether these industries are at the cutting edge—e.g.,\nnanotechnology or biotechnology—or traditional, they depend	2026-03-04 21:18:48.748228-05
c5555c0b-dac5-4ee5-b3e9-2b935e064816	676e359d9393d2a5fa1cc8588c4b084eccafe2b10c8070eedf79315698e70d21	a1d04cc3-271f-4af0-a315-42c7d031c515	2ace3c91-1d54-4ac7-ae12-fdc2262a99e7	1	632	1015	on chemical engineers to make their products and processes a\nreality. The effectiveness of chemical engineers in such a broad\nrange of areas begins with foundational knowledge in chemistry,\nbiology, p	on chemical engineers to make their products and processes a\nreality. The effectiveness of chemical engineers in such a broad\nrange of areas begins with foundational knowledge in chemistry,\nbiology, physics, and mathematics. From this foundation, chemical\nengineers develop core expertise in engineering thermodynamics,\ntransport processes, and chemical kinetics, creating a powerful	2026-03-04 21:18:48.748228-05
b18603a4-6967-47f2-9bff-2b807c03a920	ddbe34eeffc2dac44f25b0daa841652948424eaf7e8e507dbddf3fd80c4e1d89	a1d04cc3-271f-4af0-a315-42c7d031c515	2ace3c91-1d54-4ac7-ae12-fdc2262a99e7	1	1017	1603	and widely applicable combination of molecular knowledge and\nengineering problem solving. To cope with complex, real-world\nproblems, chemical engineers develop strong synthetic and analytic\nskills. Th	and widely applicable combination of molecular knowledge and\nengineering problem solving. To cope with complex, real-world\nproblems, chemical engineers develop strong synthetic and analytic\nskills. Through creative application of these chemical engineering\nprinciples, chemical engineers create innovative solutions to\nimportant industrial and societal problems in areas such as\ndevelopment of clean energy sources, advancement of life sciences,\nproduction of pharmaceuticals, sustainable systems and responsible\nenvironmental stewardship, and discovery and production of new\nmaterials.	2026-03-04 21:18:48.748228-05
53d79eac-e97f-42ea-b0e1-d18a0cf9c9cf	e274ee6026ac71ef372aa28d7fa4453a5fd0f48468c968c90bd20ad411e489f4	a1d04cc3-271f-4af0-a315-42c7d031c515	2ace3c91-1d54-4ac7-ae12-fdc2262a99e7	1	1605	2189	The Department of Chemical Engineering at MIT offers four\nundergraduate programs. Course 10 leads to the Bachelor of Science\nin Chemical Engineering through a curriculum that prepares the\ngraduate for	The Department of Chemical Engineering at MIT offers four\nundergraduate programs. Course 10 leads to the Bachelor of Science\nin Chemical Engineering through a curriculum that prepares the\ngraduate for a wide range of career pursuits. Course 10-B leads to\nthe Bachelor of Science in Chemical-Biological Engineering, which\nincludes the basic engineering core from the Course 10 degree and\nadds material in basic and applied biology. Course 10-ENG leads to\nthe Bachelor of Science in Engineering, a more flexible curriculum\nthat supplements a chemical engineering foundation with an area	2026-03-04 21:18:48.748228-05
1ecf5ad1-c2f6-4c4e-b1bb-94d1928ea118	ae8c48cd19f347c9e68cec2d0ae9ffa28dafa6f84c584580e34928c52282fb74	a1d04cc3-271f-4af0-a315-42c7d031c515	2ace3c91-1d54-4ac7-ae12-fdc2262a99e7	1	2191	2668	of technical specialization. Course 10-C leads to the Bachelor of\nScience without specification; this non-accredited degree requires\nfewer chemical engineering subjects. Undergraduates have access\nto 	of technical specialization. Course 10-C leads to the Bachelor of\nScience without specification; this non-accredited degree requires\nfewer chemical engineering subjects. Undergraduates have access\nto graduate-level subjects in their upper-level years. Undergraduate\nstudents are also encouraged to participate in research through\n\nthe Undergraduate Research Opportunities Program (UROP) (http://\nweb.mit. edu/urop).\n\nThe department offers a broad selection of graduate subjects	2026-03-04 21:18:48.748228-05
64054ad1-edab-4278-97eb-006f56f52167	3ee3f0d912ead32546547be9563c129647ee1de49043dfcdee3406e0653cdef9	a1d04cc3-271f-4af0-a315-42c7d031c515	2ace3c91-1d54-4ac7-ae12-fdc2262a99e7	1	2670	3440	and research topics leading to advanced degrees in chemical\nengineering. Multidisciplinary approaches are highly valued,\nleading to strong ties with other MIT departments. In addition, the\ndepartment 	and research topics leading to advanced degrees in chemical\nengineering. Multidisciplinary approaches are highly valued,\nleading to strong ties with other MIT departments. In addition, the\ndepartment maintains alliances, arrangements, and connections\nwith institutions and industries worldwide. Areas for specialization\ninclude, but are not limited to: biochemical engineering, biomedical\nengineering, biotechnology, chemical catalysis, chemical process\n\n166 | 2023-2024 MIT Bulletin\n\ndevelopment, environmental engineering, fuels and energy, polymer\nchemistry, surface and colloid chemistry, systems engineering, and\ntransport processes. Additional information may be found under\nGraduate Education (p. 58) and on the department's website (http://\nweb. mit. edu/cheme).	2026-03-04 21:18:48.748228-05
bba1b63d-3309-42fa-bbc8-548980ef75c7	27e83525643210509299974f6ec07a72e15f1167d37d9a31af7b388b6728b18d	a1d04cc3-271f-4af0-a315-42c7d031c515	2ace3c91-1d54-4ac7-ae12-fdc2262a99e7	1	3442	4226	The School of Chemical Engineering Practice, leading to five-year\nbachelor's and master's degrees, involves one term of work under\nthe direction of an Institute staff member resident at Practice Schoo	The School of Chemical Engineering Practice, leading to five-year\nbachelor's and master's degrees, involves one term of work under\nthe direction of an Institute staff member resident at Practice School\nsites. This program provides students with a unique opportunity\n\nto apply basic professional principles to the solution of practical\nindustrial problems.\n\nUndergraduate Study\n\nThe undergraduate curriculum in chemical engineering provides\nbasic studies in physics, biology, and mathematics, advanced\nsubjects in chemistry or biology, and a strong core of chemical\nengineering. The four-year undergraduate programs provide\nstudents with the fundamentals of the discipline and allow some\nroom for focus in subdisciplines or subjects that strengthen their\npreparation for advanced work.	2026-03-04 21:18:48.748228-05
0e4e7647-6348-43ca-84b1-d584ff92d118	87979003eea51e50e44c574077c5bdc602d370bc31607c0bdef4ec8f3ddc5863	a1d04cc3-271f-4af0-a315-42c7d031c515	2ace3c91-1d54-4ac7-ae12-fdc2262a99e7	1	4228	5031	In addition to science and engineering, students take an integrated\nsequence of subjects in the humanities and social sciences. Specific\nsubject selection allows students to meet individual areas of\ni	In addition to science and engineering, students take an integrated\nsequence of subjects in the humanities and social sciences. Specific\nsubject selection allows students to meet individual areas of\ninterest. The curriculum provides a sound preparation for jobs\n\nin industry or government, and for graduate work in chemical\nengineering.\n\nChemical engineering also provides excellent preparation for careers\nin medicine and related fields of health science and technology. The\ndepartment's strong emphasis on chemistry and biology provides\nexcellent preparation for medical school. Students interested in\nmedical school work with their faculty and premedical advisor to\ncreate the best program. A minor in biomedical engineering is also\navailable.\n\nBachelor of Science in Chemical Engineering (Course 10)	2026-03-04 21:18:48.748228-05
bd85a75c-4936-4711-83dd-1ac67af34d34	69d409d56b9b75689d6ceef1492fde2f2649ad306ed8ac5427c304d2480b12f8	a1d04cc3-271f-4af0-a315-42c7d031c515	2ace3c91-1d54-4ac7-ae12-fdc2262a99e7	1	5033	5773	The Bachelor of Science in Chemical Engineering degree program\n(p. 435) is intended for the student who seeks a broad education\n\nin the application of chemical engineering to a variety of specific\nare	The Bachelor of Science in Chemical Engineering degree program\n(p. 435) is intended for the student who seeks a broad education\n\nin the application of chemical engineering to a variety of specific\nareas, including energy and the environment, nanotechnology,\npolymers and colloids, surface science, catalysis and reaction\nengineering, systems and process design, and biotechnology. The\ndegree requirements include the core chemical engineering subjects\nwith a chemistry emphasis, and the opportunity to add subjects in\nany of these application areas.\n\nCourse 10 is accredited by the Engineering Accreditation Commission\nof the Accreditation Board for Engineering and Technology (ABET)\n(http://www. abet.org) as a chemical engineering degree.	2026-03-04 21:18:48.748228-05
03c16d62-bb35-4735-846b-770bf11ff2e0	235b9bcf94a8950cfcc7af30d981b0c02795e7e820f41a7341ab88bc91934f25	a1d04cc3-271f-4af0-a315-42c7d031c515	2ace3c91-1d54-4ac7-ae12-fdc2262a99e7	2	0	694	Bachelor of Science in Chemical-Biological Engineering (Course\n10-B)\n\nThe Bachelor of Science in Chemical-Biological Engineering degree\nprogram (p. 434) is intended for the student who is specifically	Bachelor of Science in Chemical-Biological Engineering (Course\n10-B)\n\nThe Bachelor of Science in Chemical-Biological Engineering degree\nprogram (p. 434) is intended for the student who is specifically\ninterested in the application of chemical engineering in the\n\nareas of biochemical and biomedical technologies. The degree\nrequirements include core chemical engineering subjects and\nadditional subjects in biological sciences and applied biology. This\ndegree is excellent preparation for students also considering the\nbiomedical engineering minor or medical school.\n\nCourse 10-B is accredited by the Engineering Accreditation\nCommission of ABET as a chemical and biological engineering\ndegree.	2026-03-04 21:18:48.748228-05
1eaf3693-16bf-461d-9a7b-e9b41e529b65	b76c6020ee9313348a68bcb0c4ce66486e13d32969c8198969d2194f29dabf9b	a1d04cc3-271f-4af0-a315-42c7d031c515	2ace3c91-1d54-4ac7-ae12-fdc2262a99e7	2	696	1263	Students who decide early to major in either Course 10 or Course 10-\nB are encouraged to take subjects such as 5.111/5.112 Principles of\nChemical Science, 5.12 Organic Chemistry I, and 7.01X Introduct	Students who decide early to major in either Course 10 or Course 10-\nB are encouraged to take subjects such as 5.111/5.112 Principles of\nChemical Science, 5.12 Organic Chemistry I, and 7.01X Introductory\nBiology in their first year. Then 5.601 Thermodynamics I, 18.03\nDifferential Equations, 10.10 Introduction to Chemical Engineering,\n10.213 Chemical and Biological Engineering Thermodynamics, and\n10.301 Fluid Mechanics may be taken in the sophomore year. The\nstudent is then well positioned for more in-depth and specialized\nsubjects in the third and fourth years.	2026-03-04 21:18:48.748228-05
8f7de2ff-a7e9-47f4-9492-b11bfd4d4d99	ea0c24e7cb0f2f6d78b6dc8dbd6a15f46ee8e5d32ec53c92bf3668d9877494be	a1d04cc3-271f-4af0-a315-42c7d031c515	2ace3c91-1d54-4ac7-ae12-fdc2262a99e7	2	1265	2092	Some students may wish to defer choice of a major field or exercise\nmaximum freedom during the first two years. If the Restricted\nElectives in Science and Technology (REST) Requirement subjects\nchosen	Some students may wish to defer choice of a major field or exercise\nmaximum freedom during the first two years. If the Restricted\nElectives in Science and Technology (REST) Requirement subjects\nchosen in the second year include 18.03 Differential Equations and\ntwo subjects in the fields of fluid mechanics, thermodynamics,\nchemistry, biology, or chemical engineering, students can generally\ncomplete the requirements for a degree in chemical engineering\n\nin two more years. Students are advised to discuss their proposed\nprogram with a Course 10 faculty advisor as soon as they become\ninterested in a degree in chemical engineering. Faculty advisors are\nassigned to students as soon as they declare their major and then\nwork with the students through graduation. Further information may\nbe obtained from Dr. Barry S. Johnston.	2026-03-04 21:18:48.748228-05
0ce8348b-3724-4adf-8d69-43fc0edba0cb	e8217ec201d59bcbbe65384164623d3c7a6e158c22554be960f9752bdadd8888	a1d04cc3-271f-4af0-a315-42c7d031c515	2ace3c91-1d54-4ac7-ae12-fdc2262a99e7	2	2094	2970	Additional information is available on the Chemical Engineering\nDepartment website (http:/Aveb.mit.edu/cheme’). Undergraduates\nare encouraged to take part in the research activities of the\ndepartment 	Additional information is available on the Chemical Engineering\nDepartment website (http:/Aveb.mit.edu/cheme’). Undergraduates\nare encouraged to take part in the research activities of the\ndepartment through the Undergraduate Research Opportunities\nProgram (UROP) (http://uaap.mit.edu/research-exploration/urop’).\n\nBachelor of Science as Recommended by the Department of\nChemical Engineering (Course 10-C)\n\nThe curriculum for the Bachelor of Science as Recommended by\nthe Department of Chemical Engineering (Course 10-C) (p. 437)\ninvolves basic subjects in chemistry and chemical engineering.\nInstead of continuing in depth in these areas, students can add\nbreadth by study in another field, such as another engineering\ndiscipline, biology, biomedical engineering, economics, or\nmanagement. Course 10-C is attractive to students who wish to\n\nDEPARTMENT OF CHEMICAL ENGINEERING	2026-03-04 21:18:48.748228-05
9d2068ac-f3bf-415d-82aa-4688747b8b1a	5a62c6f4fcc6da76dbd867e03af0b795be511f3fab2a7d11d4cd25fee7bb8bc9	a1d04cc3-271f-4af0-a315-42c7d031c515	2ace3c91-1d54-4ac7-ae12-fdc2262a99e7	2	2972	3715	specialize in an area such as those cited above while simultaneously\ngaining a broad exposure to the chemical engineering approach to\nsolving problems.\n\nStudents planning to follow this curriculum sho	specialize in an area such as those cited above while simultaneously\ngaining a broad exposure to the chemical engineering approach to\nsolving problems.\n\nStudents planning to follow this curriculum should discuss their\ninterests with their faculty advisor in the department at the time they\ndecide to enter the Course 10-C program, and submit to Dr. Barry\nS. Johnston in the department's Undergraduate Office a statement\nof goals and a coherent program of subjects no later than spring\nterm of junior year. Please direct questions about this program to Dr.\nJohnston.\n\nBachelor of Science in Engineering (Course 10-ENG)\n\nThe Bachelor Science in Engineering (10-ENG) degree program\n\n(p. 451) is designed to offer flexibility within the context of	2026-03-04 21:18:48.748228-05
e979674c-98fd-44ac-b8b0-68646dc7cb35	51cb29ea2610b0a84d6e9239cc3a4d3c43ff171331f1c80f3c09de0f60e5d245	a1d04cc3-271f-4af0-a315-42c7d031c515	2ace3c91-1d54-4ac7-ae12-fdc2262a99e7	2	3717	4372	chemical engineering while ensuring significant engineering\ncontent, and is a complement to our chemical engineering degree\nprograms 10 and 10-B. The degree is designed to enable students to\npursue a 	chemical engineering while ensuring significant engineering\ncontent, and is a complement to our chemical engineering degree\nprograms 10 and 10-B. The degree is designed to enable students to\npursue a deeper level of understanding in a specific interdisciplinary\nfield that is relevant to the chemical engineering core discipline. The\ndegree requirements include all of the core chemical engineering\ncoursework, plus a chosen set of three foundational concept\nsubjects and four subjects with engineering content that make up a\ncomprehensive concentration specific to the interdisciplinary area\nselected by the student. The concentrations have been selected	2026-03-04 21:18:48.748228-05
ba8c9242-9eb3-40ba-88e7-d32b466b66c4	48be061e92996fd0f59d2153520c3b5049e5bc022e9af968b13856e08f395ec4	a1d04cc3-271f-4af0-a315-42c7d031c515	2ace3c91-1d54-4ac7-ae12-fdc2262a99e7	2	4783	5499	The foundational concept component of the flexible engineering\ndegree consist of basic science and engineering subjects that\nhelp lay the groundwork for the chosen concentration. Three\nsubjects must b	The foundational concept component of the flexible engineering\ndegree consist of basic science and engineering subjects that\nhelp lay the groundwork for the chosen concentration. Three\nsubjects must be selected from a list of potential topics. One of\nthe foundational concept subjects must be a chemical engineering\nCI-M subject, and one must be a laboratory subject that satisfies\nthe Institute Laboratory Requirement. The subjects should be\nselected with the assistance of a 10-ENG degree advisor from the\nChemical Engineering Department so as to be consistent with the\ndegree requirements of the program and the General Institute\nRequirements. Several of these subjects can satisfy the program's\nCI-M requirement.	2026-03-04 21:18:48.748228-05
11787610-25c6-437d-8c70-c9296e261f97	474513d48f93a00cba12a45b4b539f6f820c6650d09dcbd61d9b8438e82c8747	a1d04cc3-271f-4af0-a315-42c7d031c515	2ace3c91-1d54-4ac7-ae12-fdc2262a99e7	2	5501	5986	The flexible engineering concentration consists of four subjects that\nare selected by the student from a suggested subject list provided\nfor each 10-ENG concentration; the student also may propose\nsub	The flexible engineering concentration consists of four subjects that\nare selected by the student from a suggested subject list provided\nfor each 10-ENG concentration; the student also may propose\nsubjects that fit the theme of the chosen concentration. These lists\nare included in the concentration descriptions provided on the\ndepartment's website and at the Chemical Engineering Student\nOffice. Students work with their 10-ENG advisors to propose a 10-\n\n2023-2024 MIT Bulletin | 167	2026-03-04 21:18:48.748228-05
3e2b4107-af73-4df9-af6a-444ecc906882	d201b4b68f690a2f00396d2cb49eb6fa4e433e9eb7ff993b9f8154d3d9f17e1c	a1d04cc3-271f-4af0-a315-42c7d031c515	2ace3c91-1d54-4ac7-ae12-fdc2262a99e7	3	0	782	DEPARTMENT OF CHEMICAL ENGINEERING\n\nENG degree program, which must then be approved by the Chemical\nEngineering Undergraduate Committee.\n\nThe flexible engineering degree major capstone experience cons	DEPARTMENT OF CHEMICAL ENGINEERING\n\nENG degree program, which must then be approved by the Chemical\nEngineering Undergraduate Committee.\n\nThe flexible engineering degree major capstone experience consists\nof 12 units and/or a senior-level project. Alternatively, the student\nmay choose to complete a senior thesis in a topic area relevant to\nthe concentration. Senior-level projects or senior thesis projects are\nspecifically designed to integrate engineering principles into specific\napplications or problems and are not standard UROP projects;\n\nsuch projects require the preliminary approval of the department's\nundergraduate officer.\n\nCourse 10-ENG is accredited by the Engineering Accreditation\nCommission of ABET as an engineering degree.\n\nFive-Year Programs and Joint Programs	2026-03-04 21:18:48.748228-05
5aa04fe3-a57e-40c2-8de1-4d5d9ae7d178	58478b246fbad27266cc0da52c820edacf0787a602c6218b57787e59b54f0e3d	a1d04cc3-271f-4af0-a315-42c7d031c515	2ace3c91-1d54-4ac7-ae12-fdc2262a99e7	3	784	1608	In addition to offering separate programs leading to the Bachelor\nof Science and Master of Science in Chemical Engineering, the\ndepartment offers a program leading to the simultaneous award of\nboth de	In addition to offering separate programs leading to the Bachelor\nof Science and Master of Science in Chemical Engineering, the\ndepartment offers a program leading to the simultaneous award of\nboth degrees at the end of five years. A detailed description of this\nprogram is available from the Graduate Student Office. Students\nin the five-year program normally enroll in the School of Chemical\nEngineering Practice.\n\nFor chemical engineering students interested in nuclear\napplications, the Department of Chemical Engineering and the\nDepartment of Nuclear Engineering offer a five-year program leading\nto the joint Bachelor of Science in Chemical Engineering and Master\nof Science in Nuclear Engineering. Such programs are approved\n\non an individual basis between the registration officers of the two\ndepartments.\n\nInquiries	2026-03-04 21:18:48.748228-05
c83f487f-b4b9-48c3-bacd-4bb4375eb3e0	fa2065abc593b8b4d2a7c536cf790a9e3cdef9e0bdb37b5e82df6ed64dde3347	a1d04cc3-271f-4af0-a315-42c7d031c515	2ace3c91-1d54-4ac7-ae12-fdc2262a99e7	3	1610	2403	Additional information concerning undergraduate academic and\nresearch programs may be obtained by writing to Dr. Barry S.\nJohnston (bsjohnst@mit.edu), undergraduate officer, Department\nof Chemical Eng	Additional information concerning undergraduate academic and\nresearch programs may be obtained by writing to Dr. Barry S.\nJohnston (bsjohnst@mit.edu), undergraduate officer, Department\nof Chemical Engineering, Room 66-368, 617-258-7141, fax\n617-258-0546. For information regarding admissions and financial\naid, contact the Admissions Office, Room 3-108, 617-253-4791.\n\nGraduate Study\n\nGraduate study provides both rigorous training in the fundamental\ncore discipline of chemical engineering and the opportunity to focus\non specific subdisciplines. In addition to completing the four core\nsubject requirements in thermodynamics, reaction engineering,\nnumerical methods, and transport phenomena, students select\n\na research advisor and area for specialization, some of which are\ndiscussed below.	2026-03-04 21:18:48.748228-05
62d43428-1c22-4496-af23-fe181ad01f6c	6253489063a96189ad15100db13a1df711ac9d2cba06591b59ec2fae28486cf0	a1d04cc3-271f-4af0-a315-42c7d031c515	2ace3c91-1d54-4ac7-ae12-fdc2262a99e7	3	2405	3179	Thermodynamics and Molecular Computation. Thermodynamics\nis a cornerstone of chemical engineering. Processes as diverse as\nchemical production, bioreaction, creation of advanced materials,\nprotein sep	Thermodynamics and Molecular Computation. Thermodynamics\nis a cornerstone of chemical engineering. Processes as diverse as\nchemical production, bioreaction, creation of advanced materials,\nprotein separation, and environmental treatment are governed by\nthermodynamics. The classical concepts of equilibrium, reversibility,\n\n168 | 2023-2024 MIT Bulletin\n\nenergy, and entropy are basic to the analysis and design of\n\nthese processes. The extension of classical thermodynamics to\nmolecular scales by use of statistical mechanics has made molecular\nsimulation an increasingly valuable tool for the chemical engineer.\nPrediction of macroscopic behavior from molecular computations is\nbecoming ever more feasible. This venerable field continues to yield\nfruitful areas of inquiry.	2026-03-04 21:18:48.748228-05
749f9cf8-de9a-4236-9382-b421db59b1b8	030500bc064ac2dd48b9388c749120e792e431ebd37b43facb617a5077943dea	a1d04cc3-271f-4af0-a315-42c7d031c515	2ace3c91-1d54-4ac7-ae12-fdc2262a99e7	3	3181	3711	Opportunities in the department for graduate study in this field\ninclude predicting properties of materials and polymers from\nmolecular structure, applying quantum mechanics to catalyst design,\nsuperc	Opportunities in the department for graduate study in this field\ninclude predicting properties of materials and polymers from\nmolecular structure, applying quantum mechanics to catalyst design,\nsupercritical fluid processing, the behavior of complex fluids with\nenvironmental and biomedical applications, phase equilibrium\n\nwith simple and complex molecular species, immunology, protein\nstabilization, nucleation and crystallization of polymer and\npharmaceuticals, and many other areas of classical and statistical\nthermodynamics.	2026-03-04 21:18:48.748228-05
96fbcbf8-ed7d-4dec-aac3-8136e7a4467e	520dfd6e05021f34f2adabe07464e317697c38b0b1c088744cdbe468385de4f8	c29023ee-c941-497e-8f9c-eb40708f014d	3fb3dfe9-5ad5-4b47-962c-f30a981509e9	2	0	211	Policies\nAttendance: Participation is expected and discussion-based activities may contribute to grading.\nAcademic Integrity: Students must follow Georgia Tech academic integrity policies for all subm	Policies\nAttendance: Participation is expected and discussion-based activities may contribute to grading.\nAcademic Integrity: Students must follow Georgia Tech academic integrity policies for all submitted work.	2026-03-04 21:19:32.659801-05
04c6e9de-e77e-4289-9476-fee2721c4bfb	a18f5ce8b9bc1157509c5cf265d8a118f726b022b05cf9c3a852a8ffcf2b6946	a1d04cc3-271f-4af0-a315-42c7d031c515	2ace3c91-1d54-4ac7-ae12-fdc2262a99e7	3	3713	4339	Transport Processes. A fluid deforming and flowing as forces are\nimposed on it, its temperature varying as heat is transferred through\nit, the interdiffusion of its distinct molecular species—these ar	Transport Processes. A fluid deforming and flowing as forces are\nimposed on it, its temperature varying as heat is transferred through\nit, the interdiffusion of its distinct molecular species—these are\nexamples of the processes of transport. These transport processes\ngovern the rates at which velocity, temperature, and composition\nvary in a fluid; chemical engineers study transport to be able to\ndescribe, predict, and manage these changes. Research includes\nexperimental testing and analytical and computational modeling;\n\nits applications range among an enormous variety of mechanical,\nchemical, and biological processes.	2026-03-04 21:18:48.748228-05
18f7ff50-b64a-4e2f-8693-528c9ef7af6d	9e72fc95fb98eafa484f4e28efdc7d0b8e8042df719456aae1887b3397165bd8	a1d04cc3-271f-4af0-a315-42c7d031c515	2ace3c91-1d54-4ac7-ae12-fdc2262a99e7	3	4341	4989	Current work includes the study of polymer molecular theory\nand polymer processing, transport and separations in\nmagnetorheological fluids, membrane separations, diffusion in\ncomplex fluids, defect fo	Current work includes the study of polymer molecular theory\nand polymer processing, transport and separations in\nmagnetorheological fluids, membrane separations, diffusion in\ncomplex fluids, defect formation and evolution in near-crystalline\nmaterials, microfluidics, fluid instability, transport in living tissue,\nnumerical solution of field equations, and many other areas of\ntransport phenomena.\n\nCatalysis and Chemical Reaction Engineering. A simple chemical\nreaction—the rearrangement of electrons and bonding partners\n—occurs between two small molecules. From understanding the\nkinetics of the reaction, and the equilibrium extent to which it	2026-03-04 21:18:48.748228-05
d97104b8-0aba-4624-b0cb-69868287b75b	b63815c4a17d66533597b852df2376e8210bb8e2e9123adf35e5957217520e34	a1d04cc3-271f-4af0-a315-42c7d031c515	2ace3c91-1d54-4ac7-ae12-fdc2262a99e7	3	4991	5839	can proceed, come applications: the network of reactions during\ncombustion, the chain reactions that form polymers, the multiple\nsteps in the synthesis of a complex pharmaceutical molecule, the\nspecia	can proceed, come applications: the network of reactions during\ncombustion, the chain reactions that form polymers, the multiple\nsteps in the synthesis of a complex pharmaceutical molecule, the\nspecialized reactions of proteins and metabolism. Chemical kinetics\nis the chemical engineer's tool for understanding chemical change.\n\nA catalyst influences the reaction rate. Catalysts are sought for\nincreasing production, improving the reaction conditions, and\nemphasizing a desired product among several possibilities. The\nchallenge is to design the catalyst, to increase its effectiveness and\nstability, and to create methods to manufacture it.\n\nA chemical reactor should produce a desired product reliably, safely,\nand economically. In designing a reactor, the chemical engineer must\nconsider how the chemical kinetics, often modified by catalysis,	2026-03-04 21:18:48.748228-05
749d50de-0b78-4f41-ace8-2b2fda2b1afd	fecd1eefbe912b9847b662616d1c46a785b235a5620a60d2a94fbb3ed6ef3b44	a1d04cc3-271f-4af0-a315-42c7d031c515	2ace3c91-1d54-4ac7-ae12-fdc2262a99e7	4	0	717	interacts with the transport phenomena in flowing materials. New\nmicroreactor designs are expanding the concept of what a reactor\nmay do, how reactions may be conducted, and what is required to\nscale 	interacts with the transport phenomena in flowing materials. New\nmicroreactor designs are expanding the concept of what a reactor\nmay do, how reactions may be conducted, and what is required to\nscale a process from laboratory to production.\n\nResearch is being conducted in the department at the forefront of\ncatalyst design, complex chemical synthesis, bioreactor design,\nsurface- and gas-phase chemistry, miniaturization of reactors,\nmathematical modeling of chemical reaction networks, and many\nother areas of chemical reaction engineering. Applications include\nthe manufacturing of chemicals, refining of fuels for transportation\nand power, and microreactors for highly reactive or potentially\nhazardous materials.	2026-03-04 21:18:48.748228-05
0dc93064-9e9f-4800-a55e-706186cc5169	c30d37528f477b52cbe641739684a9074ee44df9ca5bbaf6e71d8b9f206b0e95	a1d04cc3-271f-4af0-a315-42c7d031c515	2ace3c91-1d54-4ac7-ae12-fdc2262a99e7	4	719	1447	Polymers. Wondrous materials found in nature and now synthesized\nin enormous quantity and variety, polymers find an ever-increasing\nuse in manufactured products. Polymers are versatile because\n\ntheir 	Polymers. Wondrous materials found in nature and now synthesized\nin enormous quantity and variety, polymers find an ever-increasing\nuse in manufactured products. Polymers are versatile because\n\ntheir properties are so wide-ranging, as is evident even in the\nconceptually simple polymers made from a single molecular species.\nThe versatility becomes more profound in the copolymers made\nfrom multiple precursors, and the polymers compounded with\n\nfiller materials. Research in polymers encompasses the chemical\nreactions of their formation, methods of processing them into\nproducts, means of modifying their physical properties, and the\nrelationship between the properties and the underlying molecular-\nand solid-phase structure.	2026-03-04 21:18:48.748228-05
66cde238-0279-44d5-97e0-9b6a44d2b8fc	1a09b980d512465223f3741dc247940f51e469b3bf5f865f6478259c095f67d6	a1d04cc3-271f-4af0-a315-42c7d031c515	2ace3c91-1d54-4ac7-ae12-fdc2262a99e7	4	1449	2078	Graduate research opportunities in the department include studies\nof polymerization kinetics, non-Newtonian rheology, polymer thin\nfilms and interfaces, block copolymers, liquid crystalline polymers,\n	Graduate research opportunities in the department include studies\nof polymerization kinetics, non-Newtonian rheology, polymer thin\nfilms and interfaces, block copolymers, liquid crystalline polymers,\nnanocomposites and nanofibers, self-assembly and patterning, and\nmany other areas of polymer science and engineering. In addition\nto a program in graduate study in polymers within the department,\nthe interdisciplinary Program in Polymers and Soft Matter (PPSM)\nprovides a community for researchers in the polymer field and offers\na program of study that focuses on the interdisciplinary nature of\npolymer science and engineering.	2026-03-04 21:18:48.748228-05
fff41151-3f78-4938-bb5c-ce5f5ce700c8	5aa4b56cd87bbb3c24788663be9c8d3c0826248b9ab6646ae7eb7f8f008f135d	a1d04cc3-271f-4af0-a315-42c7d031c515	2ace3c91-1d54-4ac7-ae12-fdc2262a99e7	4	2080	2406	Materials. The inorganic compounds found in nature are the basis\nfor new materials made by modifying molecular composition (such\nas purifying silicon and doping it with selected impurities) and\nstruct	Materials. The inorganic compounds found in nature are the basis\nfor new materials made by modifying molecular composition (such\nas purifying silicon and doping it with selected impurities) and\nstructure (such as control of pore and grain size). These materials\nhave electronic, mechanical, and optical properties that support	2026-03-04 21:18:48.748228-05
3142752b-0b90-480c-9331-454539279898	ca9e0bd68f45c76d0f2ebfab7bfb88286cd30eefd947f0f49b3a20902f1c221d	a1d04cc3-271f-4af0-a315-42c7d031c515	2ace3c91-1d54-4ac7-ae12-fdc2262a99e7	5	1309	1896	Further environmental distress can result from manufacturing\nprocesses and society's use of the manufactured products. The\ntraditional response of treating process wastes is still useful, but\nthere is	Further environmental distress can result from manufacturing\nprocesses and society's use of the manufactured products. The\ntraditional response of treating process wastes is still useful, but\nthere is growing emphasis on designing new processes to produce\nless waste. This might be done by improving catalysts to decrease\nunwanted by-products, finding alternatives to volatile solvents, and\ndeveloping more effective separation processes. Chemical engineers\nare at work in these areas, and in developing alternative energy\nsources and assessing the effects of pollutants on human health.	2026-03-04 21:18:48.748228-05
ff7da25a-7449-44f8-b112-ddd53f58efac	beab3e995631e178538ec957b1b66cb3e0380214f1c39c1b0bd968cfcec0a03a	a1d04cc3-271f-4af0-a315-42c7d031c515	2ace3c91-1d54-4ac7-ae12-fdc2262a99e7	4	2408	3249	a variety of novel technologies. Other materials are applied as\ncoatings—thin films that create a functional surface. Still other\nmaterials have biological applications, such as diagnostic sensors\ntha	a variety of novel technologies. Other materials are applied as\ncoatings—thin films that create a functional surface. Still other\nmaterials have biological applications, such as diagnostic sensors\nthat are compatible with living tissue, barriers that control the\nrelease of pharmaceutical molecules, and scaffolds for tissue\nrepair. A new generation of biomaterials is being derived from\nbiological molecules. Research in materials is wide-ranging and\nhighly interdisciplinary, both fundamental and applied. In the\ndepartment, materials research includes studies in plasma etching,\nthin-film chemical vapor deposition, crystal growth, nano-crystalline\nstructure, molecular simulation, scaffolds for bone and soft tissue\n\nDEPARTMENT OF CHEMICAL ENGINEERING\n\nregeneration, biocompatible polymers, and many other areas of\nmaterials engineering.	2026-03-04 21:18:48.748228-05
98e557bb-49b7-4ef7-a491-fd391b39ec10	9686524a6525478e559584e0f3810812ac3fcf161a87f3c59afcc1c87a84289b	a1d04cc3-271f-4af0-a315-42c7d031c515	2ace3c91-1d54-4ac7-ae12-fdc2262a99e7	4	3251	3915	Surfaces and Nanostructures. In many arrangements of matter, the\ninterfaces between phases—more than their bulk compositions\n—are critical to the material structure and behavior. The surfaces\n\nof soli	Surfaces and Nanostructures. In many arrangements of matter, the\ninterfaces between phases—more than their bulk compositions\n—are critical to the material structure and behavior. The surfaces\n\nof solids offer a platform for functional coating; coatings may be\ndeposited from vapor, applied as a volatile liquid, or assembled from\nsolution onto the solid, in a pattern determined by the molecular\nproperties. This self-assembly tendency may be exploited to arrange\ndesired patterns that have operational properties. Interfacial effects\nare also responsible for stable dispersions of immiscible phases,\nleading to fluids with complex microstructure. Other structured	2026-03-04 21:18:48.748228-05
6e887277-1e85-49d4-a196-4a4f41f816ad	136828a22787c866ca0433ec95786ff74501435c0865ccf466b7d9fadb1b8001	a1d04cc3-271f-4af0-a315-42c7d031c515	2ace3c91-1d54-4ac7-ae12-fdc2262a99e7	4	3917	4952	fluids arise from large molecules whose orientation in the solvent is\nconstrained by molecular size and properties. In solids, tight control\nof pore size, grain size, chemical composition, and crystal	fluids arise from large molecules whose orientation in the solvent is\nconstrained by molecular size and properties. In solids, tight control\nof pore size, grain size, chemical composition, and crystal structure\noffer a striking range of catalytic, mechanical, and electromagnetic\nproperties. The understanding of gas-solid kinetics is crucial to the\nstudy of heterogeneous catalysis and integrated circuit fabrication.\nStructure is the basis for function, and by manipulating tiny length\nscales, the resulting nanostructure makes available new capabilities,\nand thus new technologies and products. Graduate study in surfaces\nand nanostructures may include studies of colloids, emulsions,\nsurfactants, and other structured fluids with biological, medical, or\nenvironmental applications. It also encompasses thin films, liquid\ncrystals, sol-gel processing, control of pharmaceutical morphology,\nnanostructured materials, carbon nanotubes, surface chemistry,\nsurface patterning, and many other areas of nanotechnology and\nsurface science.	2026-03-04 21:18:48.748228-05
40f653b0-ae75-4fd7-9f14-d838378bd09a	2d0b14ae6e0e0bc5f3031e04bbe6fe236101dcfe39524d500a93ccc301e75d59	a1d04cc3-271f-4af0-a315-42c7d031c515	2ace3c91-1d54-4ac7-ae12-fdc2262a99e7	4	4954	5594	Biological Engineering. Chemical engineering thermodynamics,\ntransport, and chemical kinetics, so useful for manufacturing\nprocesses, are fruitful tools for exploring biological systems as\nwell. Biolo	Biological Engineering. Chemical engineering thermodynamics,\ntransport, and chemical kinetics, so useful for manufacturing\nprocesses, are fruitful tools for exploring biological systems as\nwell. Biological engineering research may be directed at molecular-\nlevel processes, the cell, tissues, the organism, and large-scale\nmanufacturing in biotech processes. It may be applied to producing\nspecialized proteins, genetic modification of cells, transport\n\nof nutrients and wastes in tissue, therapeutic methods of drug\ndelivery, tissue repair and generation, purification of product\nmolecules, and control strategies for complex bioproduction	2026-03-04 21:18:48.748228-05
81328440-5020-4cef-ba96-05aafcc41be4	a3716e07a599f62d0cbafe9a574a84c240f5f98a40c183212d549af77a4c4b68	a1d04cc3-271f-4af0-a315-42c7d031c515	2ace3c91-1d54-4ac7-ae12-fdc2262a99e7	4	5596	6481	plants. Its methods include analytical chemistry and biochemistry\ntechniques, bioinformatic processing of data, and computational\nsolution of chemical reaction and transport models. Biological\nenginee	plants. Its methods include analytical chemistry and biochemistry\ntechniques, bioinformatic processing of data, and computational\nsolution of chemical reaction and transport models. Biological\nengineering is an extraordinarily rich area for chemical engineers,\nand its consequences—theoretical, medical, commercial—uwill be far-\nreaching.\n\nOpportunities in the department for graduate study in biological\nengineering include manipulation and purification of proteins and\nother biomolecules, research into metabolic processes, tissue\nregeneration, gene regulation, bioprocesses, bioinformatics, drug\ndelivery, and biomaterials, to name a few. Both experimental and\ncomputational methods are used, including statistical mechanics\nand systems theory. Chemical engineering faculty are also involved\nin the Center for Biomedical Engineering, created to enhance\n\n2023-2024 MIT Bulletin | 169	2026-03-04 21:18:48.748228-05
d650ab62-d7b8-4a15-aef2-ee59e1cff064	024948be582396c49a5fd6e701e714b2cc6cdf095376854a1e01478e729b9be3	a1d04cc3-271f-4af0-a315-42c7d031c515	2ace3c91-1d54-4ac7-ae12-fdc2262a99e7	5	0	541	DEPARTMENT OF CHEMICAL ENGINEERING\n\ninterdisciplinary research and education at the intersection of\nengineering, molecular and cell biology, and medicine. The Novartis-\nMIT Center for Continuous Manuf	DEPARTMENT OF CHEMICAL ENGINEERING\n\ninterdisciplinary research and education at the intersection of\nengineering, molecular and cell biology, and medicine. The Novartis-\nMIT Center for Continuous Manufacturing, another center of research\nactivity involving chemical engineers, promises to revolutionize the\nchemical processing of pharmaceuticals.\n\nEnergy and Environmental Engineering. Making energy available to\nsociety requires finding and producing a range of fuels, improving\nthe efficiency of energy use under the ultimate limits imposed	2026-03-04 21:18:48.748228-05
37f2d7ee-bc35-466a-ad9e-1c31d7c2271a	5f671ade564bf391411544e42807cd3c65fe081c20f5e4c7c55ceff5826e6b56	a1d04cc3-271f-4af0-a315-42c7d031c515	2ace3c91-1d54-4ac7-ae12-fdc2262a99e7	5	543	1307	by thermodynamics, and reducing the effects of these processes\non the environment. The widespread use of fossil fuels increases\nthe amount of carbon dioxide in the atmosphere, leading to\nconcerns abou	by thermodynamics, and reducing the effects of these processes\non the environment. The widespread use of fossil fuels increases\nthe amount of carbon dioxide in the atmosphere, leading to\nconcerns about global warming. Other sustainability indicators\nalso suggest that we now need to transform our energy system to\na more efficient, lower-carbon future. This transformation provides\nmany opportunities for chemical engineers to evaluate and explore\nother energy supply options such as renewable energy from\n\nsolar, biomass, and geothermal resources, nonconventional fuels\nfrom heavy oils, tar sands, natural gas hydrates, and oil shales.\nDeveloping technologies for transporting and storing thermal and\nelectrical energy over a range of scales are also of interest.	2026-03-04 21:18:48.748228-05
5133235a-c921-4bc6-8f3b-66b91fd36a43	d8c323759a9077e84b8761b37977080fe7a97f35131218d4585f3933ea41ef6b	a1d04cc3-271f-4af0-a315-42c7d031c515	2ace3c91-1d54-4ac7-ae12-fdc2262a99e7	5	2385	3231	Systems Design and Simulation. From early in the development of\nchemical engineering, processes were represented as combinations\nof unit operations. This concept was useful in analyzing processes,\nas 	Systems Design and Simulation. From early in the development of\nchemical engineering, processes were represented as combinations\nof unit operations. This concept was useful in analyzing processes,\nas well as providing a library of building blocks for creating new\nprocesses. Process and product design are imaginative activities,\nan artful blend of intuition and analysis. Design is aided by\nmathematical tools that simulate the behavior of the process or\nproduct and seek optimum performance. Effective use of simulation\nand optimization tools allows unexpected pathways to be explored,\ndangerous operating regions to be identified, and transient and\naccident conditions to be tested. Process and product systems\nengineering brings it all together, placing the technical features\n\nof a process or product in the context of operations, economics,	2026-03-04 21:18:48.748228-05
2449c498-982c-4703-b4a6-881db1b6be15	e30a87cb46b866aa0c6a6d684d16eccadca35c662be0d46c7d8bbba5fcae8271	a1d04cc3-271f-4af0-a315-42c7d031c515	2ace3c91-1d54-4ac7-ae12-fdc2262a99e7	5	3233	3924	and business. The end result is improved economy, reliability,\n\n170 | 2023-2024 MIT Bulletin\n\nand safety. Methodologies for process and product modeling and\nsimulation, computer-aided engineering, ope	and business. The end result is improved economy, reliability,\n\n170 | 2023-2024 MIT Bulletin\n\nand safety. Methodologies for process and product modeling and\nsimulation, computer-aided engineering, operations research,\noptimization theory and algorithms, process and product design\nstrategy, treatment of uncertainty, multiscale systems engineering,\nand many other areas of systems engineering are being developed\nin the Department of Chemical Engineering. Such research leads to\nnew prototypes for process systems, design of new molecules with\ndesired properties, and processes with better operability, control,\nsafety, and environmental performance.\n\nSchool of Chemical Engineering Practice	2026-03-04 21:18:48.748228-05
00a31f53-74fe-403a-8034-d5bb8fd2fd8b	9942eee900d00cd0ff759a2464d7c5203289ef07748c11a322c07b56b35b0347	a1d04cc3-271f-4af0-a315-42c7d031c515	2ace3c91-1d54-4ac7-ae12-fdc2262a99e7	5	3926	4635	Since 1916, the David H. Koch School of Chemical Engineering\nPractice has been a major feature of the graduate education in the\ndepartment. In this unique program, students receive intensive\ninstructi	Since 1916, the David H. Koch School of Chemical Engineering\nPractice has been a major feature of the graduate education in the\ndepartment. In this unique program, students receive intensive\ninstruction to broaden their education in the technical aspects\n\nof the profession, and also in communication skills and human\nrelations, which are frequently decisive factors in the success of\n\nan engineering enterprise. The Practice School program stresses\nproblem solving in an engineering internship format, where students\nundertake projects at industrial sites under the direct supervision of\nresident MIT faculty. Credit is granted for participation in the Practice\nSchool in lieu of preparing a master's thesis.	2026-03-04 21:18:48.748228-05
8248b204-ebd3-40e3-b854-6ac928b28943	8e29a8eec34441db654563312098353ad3a871a4716096696f94794acb3224ae	a1d04cc3-271f-4af0-a315-42c7d031c515	2ace3c91-1d54-4ac7-ae12-fdc2262a99e7	5	4637	5515	The operation of the Practice School is similar to that of a small\nconsulting company. The resident staff work closely with the\ntechnical personnel of the host companies in identifying project\nassignm	The operation of the Practice School is similar to that of a small\nconsulting company. The resident staff work closely with the\ntechnical personnel of the host companies in identifying project\nassignments with significant educational merit, and with solutions\nthat make important contributions to the operation of the company.\n\nDuring Practice School, students work on three or four different\nprojects. Groups and designated group leaders change from one\nproject to another, giving every individual an opportunity to be a\ngroup leader at least once.\n\nStudents in the Practice School program are required to demonstrate\nproficiency, or take one graduate subject, in each of the following\nareas: thermodynamics, heat and mass transfer, applied process\nchemistry, kinetics and reactor design, systems engineering, and\napplied mathematics.\n\nMaster of Science in Chemical Engineering	2026-03-04 21:18:48.748228-05
a7ce2ad1-de85-4c08-9d45-492489354587	72cfc16158fd5f47d4299a3ae532273c2a78ab6ddfc3d9ba5a9f70abe2c9862c	a1d04cc3-271f-4af0-a315-42c7d031c515	2ace3c91-1d54-4ac7-ae12-fdc2262a99e7	5	5517	6236	Programs for the Master of Science in Chemical Engineering usually\nare arranged as a continuation of undergraduate professional\ntraining, but at a greater level of depth and maturity. The general\nrequ	Programs for the Master of Science in Chemical Engineering usually\nare arranged as a continuation of undergraduate professional\ntraining, but at a greater level of depth and maturity. The general\nrequirements for a master's program are given in the section on\nGraduate Education (p. 58). To complete the requirement of at least\n66 graduate subject units, together with an acceptable thesis,\ngenerally takes four terms.\n\nMaster of Science in Chemical Engineering Practice\n\nThe unit requirements for the Master of Science in Chemical\nEngineering Practice (Course 10-A) are the same as those for the\nMaster of Science in Chemical Engineering, except that 48 units of\nPractice School experience replace the master's thesis.	2026-03-04 21:18:48.748228-05
b8b9c70a-7a5e-480f-9339-4d5d28f30c49	31c7bb2217b97d93bef5b4357b0f4858283ebf235fdc6919b497126786ca6477	a1d04cc3-271f-4af0-a315-42c7d031c515	2ace3c91-1d54-4ac7-ae12-fdc2262a99e7	6	0	796	In some cases, Bachelor of Science graduates of this department\ncan meet the requirements for the Master of Science in Chemical\nEngineering Practice (Course 10-A) in two terms. Beginning in\nSeptember 	In some cases, Bachelor of Science graduates of this department\ncan meet the requirements for the Master of Science in Chemical\nEngineering Practice (Course 10-A) in two terms. Beginning in\nSeptember following graduation, students complete the required\ncoursework at the Institute. The spring semester is spent at the\nPractice School field stations. Careful planning of the senior year\nschedule is important.\n\nFor students who have graduated in chemical engineering from other\ninstitutions, the usual program of study for the Master of Science\n\nin Chemical Engineering Practice involves two terms at the Institute\nfollowed by field station work in the Practice School. Graduates in\nchemistry from other institutions normally require an additional\n\nterm.\n\nDoctor of Science or Doctor of Philosophy	2026-03-04 21:18:48.748228-05
5e998492-4602-4c53-a978-2d823eee42ac	b261531e6e507df14d1fe3e4fcecadb0e98308bcd6df76edf0af8da31887fe30	a1d04cc3-271f-4af0-a315-42c7d031c515	2ace3c91-1d54-4ac7-ae12-fdc2262a99e7	6	798	1340	Doctoral candidates are required to pass a qualifying exam which\ncontains two parts - a written and oral examination. The written\nqualifying exam consists of a thesis proposal document. The oral\nquali	Doctoral candidates are required to pass a qualifying exam which\ncontains two parts - a written and oral examination. The written\nqualifying exam consists of a thesis proposal document. The oral\nqualifying exam consists of the presentation of the thesis proposal\nto a faculty committee, including discussion and questions. The\nqualifying exam is usually completed within 16 months of starting\nresidence as a graduate student. Completing a master's degree is\nnot a prerequisite for entering the doctoral program or obtaining a\ndoctoral degree.	2026-03-04 21:18:48.748228-05
7ea8bf01-0a0b-4728-8af7-e35150b517af	a11c00fa984540880cf22be4f11b8e475bf03890e4d4b5b03bb11ff701518094	a1d04cc3-271f-4af0-a315-42c7d031c515	2ace3c91-1d54-4ac7-ae12-fdc2262a99e7	6	1342	1824	The requirements for the doctoral degree include a program of\nadvanced study, a minor program, a biology requirement, and a\nthesis. The program of advanced study and research is normally\ncarried out i	The requirements for the doctoral degree include a program of\nadvanced study, a minor program, a biology requirement, and a\nthesis. The program of advanced study and research is normally\ncarried out in one of the fields of chemical engineering under the\nsupervision of one or more faculty members in the Department\nof Chemical Engineering. A thesis committee of selected faculty\nmonitors the doctoral program of each candidate.\n\nDoctor of Philosophy in Chemical Engineering Practice	2026-03-04 21:18:48.748228-05
01891795-480c-49ab-9c81-f21db5a34c1d	130415d5781ffdfc4cc090260b1b46581eaa5afaeee0c344bdca962600281c65	a1d04cc3-271f-4af0-a315-42c7d031c515	2ace3c91-1d54-4ac7-ae12-fdc2262a99e7	6	1826	2657	This degree program provides educational experience that combines\nadvanced work in manufacturing, independent research, and\nmanagement. The program is built on the outstanding research\nprograms within	This degree program provides educational experience that combines\nadvanced work in manufacturing, independent research, and\nmanagement. The program is built on the outstanding research\nprograms within the department, the unique resources of the David\nH. Koch School of Chemical Engineering Practice, and the world-\nclass resources of the Sloan School of Management. Students are\nprepared for a rapid launch into positions of leadership in industry\nand provided with a foundation for completion of an MBA degree.\n\nThe program consists of three major parts: the first year is devoted\nto coursework and the Practice School, the two middle years are\ndevoted to research, and the final year is completed in the Sloan\nSchool of Management. In addition, an integrative project combines\nthe research and management portions of the program.	2026-03-04 21:18:48.748228-05
283b9562-7f8c-4b23-9b51-aa7b75c69101	b245d7527fb22792498eb658b89ce665d38bdc3e2daf626f12906cb1cf7eacb4	a1d04cc3-271f-4af0-a315-42c7d031c515	2ace3c91-1d54-4ac7-ae12-fdc2262a99e7	6	2659	3487	Students in the PhD in Chemical Engineering Practice (PRDCEP)\nprogram must pass the department's written and oral examinations.\nThe progress of their research is monitored by a faculty committee,\nand 	Students in the PhD in Chemical Engineering Practice (PRDCEP)\nprogram must pass the department's written and oral examinations.\nThe progress of their research is monitored by a faculty committee,\nand the final thesis document is defended in a public forum. The\n\nDEPARTMENT OF CHEMICAL ENGINEERING\n\nnormal completion time should be four calendar years for the\nPhDCEP program.\n\nInterdisciplinary Programs\n\nComputational Science and Engineering Doctoral Program\nThe Doctoral Program in Computational Science and Engineering\n(CSE PhD) (https://cse.mit.edu/programs/phd) allows students to\nspecialize in a computation-related field of their choice through\nfocused coursework and a doctoral thesis through a number\n\nof participating host departments. The CSE PhD program is\nadministered jointly by the Center for Computational Science	2026-03-04 21:18:48.748228-05
50890ad8-e1e5-48c1-906c-5b26c36f558f	4a0363dc129fd3c0f4ff70e0bb4870b388839b844f11706c0ab3abcb59063f52	a1d04cc3-271f-4af0-a315-42c7d031c515	2ace3c91-1d54-4ac7-ae12-fdc2262a99e7	6	3489	3936	and Engineering (CCSE) and the host departments, with the\nemphasis of thesis research activities being the development of\nnew computational methods and/or the innovative application of\ncomputational t	and Engineering (CCSE) and the host departments, with the\nemphasis of thesis research activities being the development of\nnew computational methods and/or the innovative application of\ncomputational techniques to important problems in engineering\nand science. For more information, see the full program description\n(p. 404) under Interdisciplinary Graduate Programs.\n\nLeaders for Global Operations\n\nThe 24-month Leaders for Global Operations (LGO)	2026-03-04 21:18:48.748228-05
2ab7ebea-7479-412f-b8ac-f663b7b1e480	6637ba30d1d2f84243a17b3bc90b9dc81218d0a2a0c564a522caa7fbef9c6828	a1d04cc3-271f-4af0-a315-42c7d031c515	2ace3c91-1d54-4ac7-ae12-fdc2262a99e7	6	3938	4716	(p. 410) program combines graduate degrees in engineering and\nmanagement for those with previous postgraduate work experience\nand strong undergraduate degrees in a technical field. During the\ntwo-year	(p. 410) program combines graduate degrees in engineering and\nmanagement for those with previous postgraduate work experience\nand strong undergraduate degrees in a technical field. During the\ntwo-year program, students complete a six-month internship at one\nof LGO's partner companies, where they conduct research that forms\nthe basis of a dual-degree thesis. Students finish the program with\ntwo MIT degrees: an MBA (or SM in management) and an SM from\none of seven engineering programs, some of which have optional\nor required LGO tracks. After graduation, alumni lead strategic\ninitiatives in high-tech, operations, and manufacturing companies.\n\nMicrobiology\n\nThe MIT Microbiology Graduate PhD Program (p. 411) is an\ninterdepartmental, interdisciplinary program that provides	2026-03-04 21:18:48.748228-05
0b3bab06-0d84-4070-b66e-46dfe078e45e	e51c723b353ab35711e8cd236a9add71d1b580c6c63d3f87f55330e9f4aad7e6	a1d04cc3-271f-4af0-a315-42c7d031c515	2ace3c91-1d54-4ac7-ae12-fdc2262a99e7	6	4718	4898	students broad exposure to underlying elements of modern\nmicrobiological research and engineering, and depth in specific\nareas of microbiology during the student’s thesis work. MIT	students broad exposure to underlying elements of modern\nmicrobiological research and engineering, and depth in specific\nareas of microbiology during the student’s thesis work. MIT	2026-03-04 21:18:48.748228-05
b5912792-e63a-49e9-8fb4-9d235a2cad51	6482d4a408403f8097c8c3cdde5baa1f094a2a174fa1333b0852b15fe02032b5	a1d04cc3-271f-4af0-a315-42c7d031c515	2ace3c91-1d54-4ac7-ae12-fdc2262a99e7	6	4900	5810	has a long-standing tradition of excellence in microbiological\nresearch; currently, more than 50 faculty from different departments\nstudy or use microbes in significant ways in their research. The\npro	has a long-standing tradition of excellence in microbiological\nresearch; currently, more than 50 faculty from different departments\nstudy or use microbes in significant ways in their research. The\nprogram integrates educational resources across the participating\ndepartments to build connections among faculty with shared\ninterests from different units and to build an educational community\nfor training students in the study of microbial systems. Students\napply to the Microbiology program and conduct research in the\nlabs of faculty in one of the participating departments: Biology;\nBiological Engineering; Chemical Engineering; Chemistry; Civil\nand Environmental Engineering; Earth, Atmospheric and Planetary\nSciences; Electrical Engineering and Computer Science; Materials\nSciences and Engineering; and Physics. Graduates of this program\nwill be prepared to enter a range of fields in microbial science and	2026-03-04 21:18:48.748228-05
4db7055d-da14-474e-9508-83393de2b9ea	442cb52c51034a9754839d8efacfd481fb9bf40c90e468b28f534fe9025194b9	a1d04cc3-271f-4af0-a315-42c7d031c515	2ace3c91-1d54-4ac7-ae12-fdc2262a99e7	6	5812	5840	2023-2024 MIT Bulletin | 171	2023-2024 MIT Bulletin | 171	2026-03-04 21:18:48.748228-05
2f1513ab-d207-4372-be67-0fd264140037	9ab1df23f620baf06594c652adc9483a014a8affadb872afca6025f8e8f6a6f9	a1d04cc3-271f-4af0-a315-42c7d031c515	2ace3c91-1d54-4ac7-ae12-fdc2262a99e7	7	0	867	DEPARTMENT OF CHEMICAL ENGINEERING\n\nengineering, and will have excellent career options in academic,\nindustrial, and government settings.\n\nPolymers and Soft Matter\n\nThe Program in Polymers and Soft Ma	DEPARTMENT OF CHEMICAL ENGINEERING\n\nengineering, and will have excellent career options in academic,\nindustrial, and government settings.\n\nPolymers and Soft Matter\n\nThe Program in Polymers and Soft Matter (PPSM) (http://\npolymerscience.mit.edu) offers students from participating\ndepartments an interdisciplinary core curriculum in polymer science\nand engineering, exposure to the broader polymer community\nthrough seminars, contact with visitors from industry and academia,\nand interdepartmental collaboration while working towards a PhD or\nScD degree.\n\nResearch opportunities include functional polymers, controlled\ndrug delivery, nanostructured polymers, polymers at interfaces,\nbiomaterials, molecular modeling, polymer synthesis, biomimetic\nmaterials, polymer mechanics and rheology, self-assembly, and\npolymers in energy. The program is described in more detail	2026-03-04 21:18:48.748228-05
b8ba37bd-8e03-4270-b813-e12b16121bc4	5253ad245da2be518096e43912170d2cf715facf1c41663d5a0ea00fb1b22ed9	a1d04cc3-271f-4af0-a315-42c7d031c515	2ace3c91-1d54-4ac7-ae12-fdc2262a99e7	7	869	1741	(p. 413) under Interdisciplinary Graduate Programs.\n\nFinancial Support\n\nThe department has a wide variety of financial support options for\ngraduate students, including teaching and research assistants	(p. 413) under Interdisciplinary Graduate Programs.\n\nFinancial Support\n\nThe department has a wide variety of financial support options for\ngraduate students, including teaching and research assistantships,\nfellowships, and loans. Information about financial assistance\n\nmay be obtained by writing to the Graduate Student Office, but\nconsideration for awards cannot be given before admissions\ndecisions have been made.\n\nInquiries\n\nFor additional information concerning graduate programs,\nadmissions, financial aid, and assistantships, contact the Graduate\nStudent Office (chemegrad@mit.edu), Department of Chemical\nEngineering, Room 66-366, 617-253-4579.\n\nFaculty and Teaching Staff\n\nPaula T. Hammond, PhD\nInstitute Professor\nHead, Department of Chemical Engineering\n\nBradley D. Olsen, PhD\n\nAlexander and |. Michael Kasser (1960) Professor\nProfessor of Chemical Engineering	2026-03-04 21:18:48.748228-05
bfdee12c-43cb-420a-a3d8-b29a5fa4a51e	c02dadcdc30b31d62bbdd136248e1980fc6f353820e7e77eced10ffeea26207e	a1d04cc3-271f-4af0-a315-42c7d031c515	2ace3c91-1d54-4ac7-ae12-fdc2262a99e7	7	1743	2631	Executive Officer, Department of Chemical Engineering\n\nProfessors\n\nDaniel Griffith Anderson, PhD\n\nProfessor of Chemical Engineering\n\nCore Faculty, Institute for Medical Engineering and Science\n\nRobert	Executive Officer, Department of Chemical Engineering\n\nProfessors\n\nDaniel Griffith Anderson, PhD\n\nProfessor of Chemical Engineering\n\nCore Faculty, Institute for Medical Engineering and Science\n\nRobert C. Armstrong, PhD\nChevron Professor\nProfessor Post-Tenure of Chemical Engineering\n\n172 | 2023-2024 MIT Bulletin\n\nPaul |. Barton, PhD\nLammot du Pont Professor of Chemical Engineering\n(On sabbatical)\n\nMartin Z. Bazant, PhD\n\nE. G. Roos Professor\n\nProfessor of Chemical Engineering\nProfessor of Mathematics\n\nDaniel Blankschtein, PhD\nHerman P. Meissner (1929) Professor of Chemical Engineering\n\nRichard D. Braatz, PhD\nEdwin R. Gilliland Professor\nProfessor of Chemical Engineering\n\nArup K. Chakraborty, PhD\n\nInstitute Professor\n\nRobert T. Haslam (1911) Professor in Chemical Engineering\nProfessor of Chemistry\n\nProfessor of Physics\n\nCore Faculty, Institute for Medical Engineering and Science	2026-03-04 21:18:48.748228-05
c567f300-6eb8-4880-938c-eb5282c072a4	a6c218f9b6b0245b5e6fa07ca8f8eb109ecbb1ecbc1d75f078196b02d753a9e2	a1d04cc3-271f-4af0-a315-42c7d031c515	2ace3c91-1d54-4ac7-ae12-fdc2262a99e7	7	2633	3512	Clark K. Colton, PhD\nProfessor of Chemical Engineering\n\nPatrick S. Doyle, PhD\nRobert T. Haslam (1911) Professor of Chemical Engineering\n\nKaren K. Gleason, PhD\nAlexander and |. Michael Kasser (1960) Pr	Clark K. Colton, PhD\nProfessor of Chemical Engineering\n\nPatrick S. Doyle, PhD\nRobert T. Haslam (1911) Professor of Chemical Engineering\n\nKaren K. Gleason, PhD\nAlexander and |. Michael Kasser (1960) Professor Post-Tenure\nProfessor Post-Tenure of Chemical Engineering\n\nWilliam H. Green Jr, PhD\nHoyt Hottel Professor of Chemical Engineering\n\nT. Alan Hatton, PhD\nRalph Landau (1941) Professor\nProfessor of Chemical Engineering\n\nKlavs F. Jensen, PhD\nWarren K. Lewis Professor of Chemical Engineering\nProfessor of Materials Science and Engineering\n\nJesse Kroll, PhD\nProfessor of Civil and Environmental Engineering\nProfessor of Chemical Engineering\n\nRobert Langer, ScD\n\nDavid H. Koch (1962) Institute Professor\n\nProfessor of Chemical Engineering\n\nProfessor of Mechanical Engineering\n\nProfessor of Biological Engineering\n\nAffiliate Faculty, Institute for Medical Engineering and Science	2026-03-04 21:18:48.748228-05
95ff5b10-2925-4bd2-9d73-ec2c8f0296e4	9290496222fad9afa94ae324fffe40e5a1dd6b7b7b584e484cdf92b3caf9157b	a1d04cc3-271f-4af0-a315-42c7d031c515	2ace3c91-1d54-4ac7-ae12-fdc2262a99e7	8	0	880	Douglas A. Lauffenburger, PhD\nFord Foundation Professor\nProfessor of Biological Engineering\nProfessor of Chemical Engineering\nProfessor of Biology\n\nJ. Christopher Love, PhD\nProfessor of Chemical Engin	Douglas A. Lauffenburger, PhD\nFord Foundation Professor\nProfessor of Biological Engineering\nProfessor of Chemical Engineering\nProfessor of Biology\n\nJ. Christopher Love, PhD\nProfessor of Chemical Engineering\n\nKristala L. Jones Prather, PhD\nArthur D. Little Professor\nProfessor of Chemical Engineering\n(On sabbatical, fall)\n\nYuriy Roman, PhD\n\nRobert T. Haslam (1911) Professor of Chemical Engineering\nProfessor of Chemistry\n\n(On leave)\n\nGregory C. Rutledge, PhD\nLammot Dupont Professor of Chemical Engineering\n\nHadley Sikes, PhD\nProfessor of Chemical Engineering\n\nGeorge Stephanopoulos, PhD\nArthur Dehon Little Professor Post-Tenure\nProfessor Post-Tenure of Chemical Engineering\n\nGregory Stephanopoulos, PhD\nWillard Henry Dow Professor of Chemical Engineering\n\nMichael S. Strano, PhD\nCarbon P. Dubbs Professor of Chemical Engineering\n\nYogesh Surendranath, PhD\nProfessor of Chemistry	2026-03-04 21:18:48.748228-05
ffcd96ea-57cb-40bd-a2de-ea7b1e5b7bf5	eaf124ce28718fb20baf5232c2b64b84742590a2e56339fc2444b65145ac9cb9	a1d04cc3-271f-4af0-a315-42c7d031c515	2ace3c91-1d54-4ac7-ae12-fdc2262a99e7	8	882	1691	Professor of Chemical Engineering\n(On leave, spring)\n\nWilliam A. Tisdale, PhD\nProfessor of Chemical Engineering\n(On sabbatical, fall)\n\nBernhardt L. Trout, PhD\nRaymond F. Baddour Professor\nProfessor of	Professor of Chemical Engineering\n(On leave, spring)\n\nWilliam A. Tisdale, PhD\nProfessor of Chemical Engineering\n(On sabbatical, fall)\n\nBernhardt L. Trout, PhD\nRaymond F. Baddour Professor\nProfessor of Chemical Engineering\n\nKarl Dane Wittrup, PhD\nCarbon P. Dubbs Professor of Chemical Engineering\nProfessor of Biological Engineering\n\nAssociate Professors\n\nFikile Richard Brushett, PhD\n\nAssociate Professor of Chemical Engineering\n(On sabbatical)\n\nDEPARTMENT OF CHEMICAL ENGINEERING\n\nKwanghun Chung, PhD\n\nAssociate Professor of Chemical Engineering\n\nAssociate Professor of Brain and Cognitive Sciences\n\nCore Faculty, Institute for Medical Engineering and Science\n\nBrandon J. DeKosky , PhD\n\nPhillip and Susan Ragon Career Development Professor of Chemical\nEngineering\n\nAssociate Professor of Chemical Engineering	2026-03-04 21:18:48.748228-05
8091440c-ee04-41ce-aa63-016493d7cdf0	8ecaddd492246f22ffb7115968884e561601187eca6c562b653749afa9de68a2	a1d04cc3-271f-4af0-a315-42c7d031c515	2ace3c91-1d54-4ac7-ae12-fdc2262a99e7	8	1693	2552	Heather J. Kulik, PhD\nAssociate Professor of Chemical Engineering\nAssociate Professor of Chemistry\n\nZachary P. Smith, PhD\nRobert N. Noyce Career Development Professor\nAssociate Professor of Chemical E	Heather J. Kulik, PhD\nAssociate Professor of Chemical Engineering\nAssociate Professor of Chemistry\n\nZachary P. Smith, PhD\nRobert N. Noyce Career Development Professor\nAssociate Professor of Chemical Engineering\n\nAssistant Professors\n\nConnor W. Coley, PhD\n\nClass of 1957 Career Development Professor\n\nAssistant Professor of Chemical Engineering\n\nAssistant Professor of Electrical Engineering and Computer Science\n\nAriel L. Furst, PhD\nPaul M. Cook Career Development Professor\nAssistant Professor of Chemical Engineering\n\nKate E. Galloway, PhD\nW. M. Keck Career Development Professor in Biomedical Engineering\nAssistant Professor of Chemical Engineering\n\nQin Maggie Qi, PhD\nJames R. Mares '24 Career Development Chair\nAssistant Professor of Chemical Engineering\n\nProfessors of the Practice\nAllan S. Myerson, PhD\nProfessor of the Practice of Chemical Engineering	2026-03-04 21:18:48.748228-05
b147dcf8-44d3-4d04-948c-3987188565cb	6b188dd1b16a91a6778465018500f4a459e9b23ce094ca1dd6836956dfb8514f	a1d04cc3-271f-4af0-a315-42c7d031c515	2ace3c91-1d54-4ac7-ae12-fdc2262a99e7	8	2554	2905	Senior Lecturers\nRobert J. Fisher, PhD\nSenior Lecturer in Chemical Engineering\n\nRobert T. Hanlon, ScD\nSenior Lecturer in Chemical Engineering\n\nLecturers\nCharles Baker, MS\nLecturer in Chemical Engineer	Senior Lecturers\nRobert J. Fisher, PhD\nSenior Lecturer in Chemical Engineering\n\nRobert T. Hanlon, ScD\nSenior Lecturer in Chemical Engineering\n\nLecturers\nCharles Baker, MS\nLecturer in Chemical Engineering\n\nThomas J. Blacklock, PhD\nLecturer in Chemical Engineering\n\nDaniel Adam Doneson, PhD\nLecturer in Chemical Engineering\n\n2023-2024 MIT Bulletin | 173	2026-03-04 21:18:48.748228-05
1ded8860-a8ae-4773-9a17-e165313aa652	be75eaaf0589d7ef990a3859b732c803becb846e1ae5242c0a4f52dc62e3978b	a1d04cc3-271f-4af0-a315-42c7d031c515	2ace3c91-1d54-4ac7-ae12-fdc2262a99e7	9	0	843	DEPARTMENT OF CHEMICAL ENGINEERING\n\nJoey Gu, PhD\nLecturer in Chemical Engineering\n\nJean-Frangois P. Hamel, PhD\nLecturer in Chemical Engineering\n\nKathryn Elizabeth Hansen, PhD\nLecturer in Chemical Engi	DEPARTMENT OF CHEMICAL ENGINEERING\n\nJoey Gu, PhD\nLecturer in Chemical Engineering\n\nJean-Frangois P. Hamel, PhD\nLecturer in Chemical Engineering\n\nKathryn Elizabeth Hansen, PhD\nLecturer in Chemical Engineering\n\nPeter J. Hansen, PhD\nLecturer in Chemical Engineering\n\nJennifer Kaczmarek Nash, PhD\nLecturer in Chemical Engineering\n\nThomas A. Kinney, PhD\nLecturer in Chemical Engineering\n\nAlethia Mariotta, JD\nLecturer in Chemical Engineering\n\nLuis Perez-Breva, PhD\nLecturer in Chemical Engineering\n\nMichael S. Sarli, MS\nLecturer in Chemical Engineering\n\nRory G. Schacter, PhD\nLecturer in Chemical Engineering\n\nBrian E. Stutts, PhD\nLecturer in Chemical Engineering\n\nResearch Staff\n\nResearch Scientists\nLev E. Bromberg, PhD\nResearch Scientist in Chemical Engineering\n\nFelice Frankel, PhD\nResearch Scientist in Chemical Engineering\n\nProfessors Emeriti	2026-03-04 21:18:48.748228-05
dfab5e3f-5b28-456c-a924-f014ae540836	6a30caecd82cbad019c74d6dae36813de28fcf24e5986be6ff1765bfd244188f	a1d04cc3-271f-4af0-a315-42c7d031c515	2ace3c91-1d54-4ac7-ae12-fdc2262a99e7	9	845	1710	Robert A. Brown, PhD\nProfessor Emeritus of Chemical Engineering\n\nRobert E. Cohen, PhD\nRaymond A. and Helen E. St. Laurent Professor Emeritus\nProfessor Emeritus of Chemical Engineering\n\nCharles L. Coon	Robert A. Brown, PhD\nProfessor Emeritus of Chemical Engineering\n\nRobert E. Cohen, PhD\nRaymond A. and Helen E. St. Laurent Professor Emeritus\nProfessor Emeritus of Chemical Engineering\n\nCharles L. Cooney, PhD\nRobert T. Haslam (1911) Professor Emeritus\nProfessor Emeritus of Chemical Engineering\n\nWilliam M. Deen, PhD\nCarbon P. Dubbs Professor Emeritus of Chemical Engineering\n\n174 | 2023-2024 MIT Bulletin\n\nLawrence B. Evans, PhD\nProfessor Emeritus of Chemical Engineering\n\nGregory J. McRae, PhD\nProfessor Emeritus of Chemical Engineering\n\nHerbert Harold Sawin, PhD\nProfessor Emeritus of Chemical Engineering\nProfessor Emeritus of Electrical Engineering\n\nKenneth A. Smith, PhD\nProfessor Emeritus of Chemical Engineering\n\nJefferson W. Tester, PhD\nProfessor Emeritus of Chemical Engineering\n\nPreetinder S. Virk, ScD\nAssociate Professor Emeritus of Chemical Engineering	2026-03-04 21:18:48.748228-05
a92770c0-0ea8-4765-a5af-19cd63ee9a75	26eef06ee8aecdd021bcec26d890b82ed429089fe2e7f8ec1ab76a5db06f1b5b	f94f97e2-161c-43f2-a3fd-af353134e9cb	6bf130ee-25f7-4585-9cef-1f8f915f8355	1	0	900	PHP 2073 — Leadership and Communication\nBrown University School of Public Health | Summer (Online) 2026\nFormat: Fully Online (pre-arrival summer course) | Workload: 360 hours | Units: 2\nCourse Code PH	PHP 2073 — Leadership and Communication\nBrown University School of Public Health | Summer (Online) 2026\nFormat: Fully Online (pre-arrival summer course) | Workload: 360 hours | Units: 2\nCourse Code PHP 2073\nTitle Leadership and Communication\nUnits 2\nDelivery Online (Summer prior to arrival)\nExpected Time 360 hours (as noted in course description)\nInstructional Team\nLead Instructor: Dr. Simone Harper\nEmail: simone_harper@brown.edu\nOffice Hours: Virtual drop-in hours weekly (posted in Canvas)\nCourse Objective and Description\nThe objective of this two-unit (i.e., 360-hour) course, which students take online in the summer prior to arriving\non campus, is to enable students to become public health leaders who can communicate effectively with a wide\nvariety of audiences. Students learn leadership principles such as how to create a vision, advocate for policies\nand programs, build coalitions, an	2026-03-04 21:19:20.90552-05
ec117ddf-b59d-4857-b12a-ae05371eca3d	4a6e0b943fdc56a6f3451a411af1d62461aefbfe0c2c4ebf960d4c0296ee1d0b	f94f97e2-161c-43f2-a3fd-af353134e9cb	6bf130ee-25f7-4585-9cef-1f8f915f8355	1	900	1587	d use negotiation and mediation strategies. Students build on oral and written\ncommunication skills by writing an op-ed, delivering a presentation to peers, and interacting with public health\nleaders 	d use negotiation and mediation strategies. Students build on oral and written\ncommunication skills by writing an op-ed, delivering a presentation to peers, and interacting with public health\nleaders and elected officials. Students also learn from leading experts in leadership and communication related\nto public health.\nMajor Deliverables\n(cid:127) Leadership reflection journal (weekly)\n(cid:127) Op-ed article on a public health issue\n(cid:127) Peer presentation (recorded or live virtual session)\n(cid:127) Negotiation/mediation scenario write-up\n(cid:127) Participation in discussions with invited public health leaders\nEvaluation\n(cid:127) Op-ed – 25%\n(cid:127) Presentation – 25%	2026-03-04 21:19:20.90552-05
12574290-2448-43f8-bda4-42caed2cc3d7	d1a3b309c91906f0338a958805e3ee30511f40003af997eb702d060095f21b06	f94f97e2-161c-43f2-a3fd-af353134e9cb	6bf130ee-25f7-4585-9cef-1f8f915f8355	2	0	296	(cid:127) Negotiation/Mediation Assignment – 20%\n(cid:127) Weekly Reflections – 20%\n(cid:127) Participation – 10%\nPolicies\nOnline Participation: Students should plan for consistent weekly engagement.\n	(cid:127) Negotiation/Mediation Assignment – 20%\n(cid:127) Weekly Reflections – 20%\n(cid:127) Participation – 10%\nPolicies\nOnline Participation: Students should plan for consistent weekly engagement.\nAcademic Integrity: All submitted work must be original and follow university academic policies.	2026-03-04 21:19:20.90552-05
1b7f75ef-d997-4ed1-b840-22d45dd4d8e4	78e7932cbb36c144f75bc90f31f917e11772ff2c975c082dc8e5cf41105a5d25	14532912-ffe0-430d-8f42-36885a1ad8e8	6bf130ee-25f7-4585-9cef-1f8f915f8355	1	0	821	PHP 2024. Engaged Scholarship in Maternal and Child Health.\n\nThis overall goal of this course is to help students develop the knowledge,\nskills and perspectives necessary to make contributions in the 	PHP 2024. Engaged Scholarship in Maternal and Child Health.\n\nThis overall goal of this course is to help students develop the knowledge,\nskills and perspectives necessary to make contributions in the field of\nmaternal and child health, with a particular focus on community-based or\ncommunity serving interventions, research and evaluation. This includes\nthe short-term goal of helping students prepare for internship, thesis or\ncapstone work and the long-term goal of providing training for students’\nfuture career in the field of maternal and child health. In the course\nstudents will: expand their knowledge of current research in maternal and\nchild health and explore the community context of the research.\n\nedevelop or refine a skill set that has applications in community-based\ninterventions, research or evaluation.	2026-03-04 21:19:20.90552-05
e9f28497-f430-4114-a1ab-5b723911bf29	c828af68edb8d8eb3856706061af1bcbab67a8985c859291e885a4c6391bead6	14532912-ffe0-430d-8f42-36885a1ad8e8	6bf130ee-25f7-4585-9cef-1f8f915f8355	1	823	1700	*complete a community-based or community serving project as part of the\nHassenfeld Child Health Innovation Institute ‘s Community of Learners.\n\nPHP 2030. Clinical Trials Methodology.\n\nWe will examine 	*complete a community-based or community serving project as part of the\nHassenfeld Child Health Innovation Institute ‘s Community of Learners.\n\nPHP 2030. Clinical Trials Methodology.\n\nWe will examine the modern clinical trial as a methodology for evaluating\ninterventions related to treatment, rehabilitation, prevention and diagnosis.\nTopics include the history and rationale for clinical trials, ethical issues,\nstudy design, protocol development, sample size considerations, quality\nassurance, statistical analysis, systematic reviews and meta-analysis, and\nreporting of results. Extensively illustrated with examples from various\nfields of health care research. Recommended prerequisites: introductory\nepidemiology and statistics. Pre-requisites: (PHP 2120 or PHP 2150) and\neither PHP 2508, 2510, or 2520. Open to graduate students only.\n\nPHP 2040. Survey Research Methods.	2026-03-04 21:19:20.90552-05
60a8941d-8d43-4e2b-85d2-9601a08d3c2a	0963900563fa1de14afde5a469ae5f9bcb668b300cf01e31bd380eb7f20cf18f	14532912-ffe0-430d-8f42-36885a1ad8e8	6bf130ee-25f7-4585-9cef-1f8f915f8355	1	1702	2529	Emphasizes the theory of sampling and survey methods and their\napplication to public health research. Topics include: survey design and\nplanning; principles of sampling and survey terminology; questio	Emphasizes the theory of sampling and survey methods and their\napplication to public health research. Topics include: survey design and\nplanning; principles of sampling and survey terminology; questionnaire\nconstruction; protection of human subjects; data collection (including\ninterviewing and data coding procedures); and application, presentation,\nand evaluation of results. Suggested prerequisites: PHP 2120 or PHP\n2140, and PHP 2508 or 2510. Open to graduate students only.\n\nPHP 2060. Qualitative Methods in Health Research.\n\nIntroduces qualitative approaches to data collection and analysis in health\nresearch. Methods covered include: participant observation, key-informant\ninterviews, focus groups, innovative data collection strategies, and non-\nobtrusive measures. Students will use applied projects to develop skills	2026-03-04 21:19:20.90552-05
17b0a814-df46-4158-8a6e-76e3f9118e7c	5862d52c374a5efd66070b9899b85933cd75116572f51a4c930a5026b78a54a0	14532912-ffe0-430d-8f42-36885a1ad8e8	6bf130ee-25f7-4585-9cef-1f8f915f8355	1	2531	2854	in: qualitative data collection and management, interviewing, transcript\nanalysis using computerized software, triangulation between qualitative\nand quantitative data, and report preparation for quali	in: qualitative data collection and management, interviewing, transcript\nanalysis using computerized software, triangulation between qualitative\nand quantitative data, and report preparation for qualitative studies.\nEnrollment limited to 20 graduate students.\n\nPHP 2061. Qualitative Data Analysis in Public Health Research.	2026-03-04 21:19:20.90552-05
11730556-f982-497e-b96a-18b4d76d943d	67088473f57eb526f8edc0f05a9f9909d4d56fa62004d343f69b49a6e43d6ea6	14532912-ffe0-430d-8f42-36885a1ad8e8	6bf130ee-25f7-4585-9cef-1f8f915f8355	1	2856	3623	This intermediate/advanced graduate seminar focuses on various\ninterdisciplinary approaches to the analysis of textual data, including\nthematic analysis, grounded theory, phenomenology, and narrative 	This intermediate/advanced graduate seminar focuses on various\ninterdisciplinary approaches to the analysis of textual data, including\nthematic analysis, grounded theory, phenomenology, and narrative and\ndiscourse analysis. Students will explore the philosophical underpinnings\nof these qualitative data analysis approaches and consider their\napplication in the context of critical theories and methodologies, including\nintersectionality. Students will also learn practical skills involved in\nqualitative data analysis, including codebook development, coding,\ndeveloping themes, categories, and conceptual models, writing memos,\nand disseminating findings to diverse audiences. The course centers\nissues of power, ethics, positionality, and reflexivity in the context	2026-03-04 21:19:20.90552-05
f015718b-81fc-4ee9-8bea-f1b0e788be1b	ed6ec53c57530a0329d83f55236b803717315505ad9728ca9fd46a0c2e8e48ac	14532912-ffe0-430d-8f42-36885a1ad8e8	6bf130ee-25f7-4585-9cef-1f8f915f8355	1	3625	4106	of qualitative research with minoritized populations and discusses\ncommunity- and arts-based participatory research approaches. The\ncourse also addresses methods for combining qualitative and quantita	of qualitative research with minoritized populations and discusses\ncommunity- and arts-based participatory research approaches. The\ncourse also addresses methods for combining qualitative and quantitative\nresearch findings in the context of a mixed-methods research approach.\nStudents will have the option to analyze their own or others' qualitative\ndata.\n\nPHP 2071. Applied Public Health: Systems and Practice.\n\nApplied Public Health is a two-semester sequence of courses designed	2026-03-04 21:19:20.90552-05
feedf273-8952-4b23-b281-a49df9150e2f	1d6b34f83457797ff2fab282fa2e2aa8984b4d68be9d234447bc26104be017c7	14532912-ffe0-430d-8f42-36885a1ad8e8	6bf130ee-25f7-4585-9cef-1f8f915f8355	1	4108	4738	to give students the skills and experiences they need to master\nunderstanding public health and health care systems, policy in public\nhealth, leadership, communication, interprofessional practice, and	to give students the skills and experiences they need to master\nunderstanding public health and health care systems, policy in public\nhealth, leadership, communication, interprofessional practice, and systems\nthinking. This will be achieved through a combination of lectures, in class\nexercises, homework assignments, and practical experience in a public\nhealth setting. The first course in the sequence (PHP 2071) is taken in the\nSpring of your first year.\n\nBrown University Bulletin 175\n\nPHP 2072. Applied Public Health: Policy, leadership and\ncommunication.\n\nApplied Public Health is a two-semester sequence of courses designed	2026-03-04 21:19:20.90552-05
be29890c-e725-4513-b8f2-c33dbd68f5a4	ceb82e6e70b785ed5e0d6da0329df621b1bf2957d56a9b812db0d999f3c89d6b	14532912-ffe0-430d-8f42-36885a1ad8e8	6bf130ee-25f7-4585-9cef-1f8f915f8355	1	4740	5294	to give students the skills and experiences they need to master\nunderstanding public health and health care systems, policy in public\nhealth, leadership, communication, interprofessional practice, and	to give students the skills and experiences they need to master\nunderstanding public health and health care systems, policy in public\nhealth, leadership, communication, interprofessional practice, and systems\nthinking. This will be achieved through a combination of lectures, in class\nexercises, homework assignments, and practical experience in a public\nhealth setting. The second course (PHP 2072) is taken in the Fall of your\nsecond year.\n\nPHP 2073. Leadership and Communication.\n\nThe objective of this two-unit (i.e., 360-hour) course, which students	2026-03-04 21:19:20.90552-05
1ce1aa6b-3e9b-4e74-ac34-b707ae91928c	31655446ede5b2e60e686d409792aaf979103ae08148dfe6c6f9225979c12feb	14532912-ffe0-430d-8f42-36885a1ad8e8	6bf130ee-25f7-4585-9cef-1f8f915f8355	1	5296	6012	will take online in the summer prior to arriving on campus, is to enable\nstudents to become public health leaders who can communicate\neffectively with a wide variety of audiences. Students will learn 	will take online in the summer prior to arriving on campus, is to enable\nstudents to become public health leaders who can communicate\neffectively with a wide variety of audiences. Students will learn leadership\nprinciples, such as, how to create a vision, advocate for policies and\nprograms, build coalitions, and use negotiation and mediation strategies.\nStudents will build on their oral and written communication skills, by writing\nan op-ed delivering a presentation to their peers and interacting with public\nhealth leaders and elected officials. Students will also learn from leading\nexperts in the fields of leadership and communication related to public\nhealth.\n\nPHP 2074. Needs Analysis and Program Planning.	2026-03-04 21:19:20.90552-05
6bd3d435-33cd-4b82-809c-1fd964116289	d5601272a66366e1da882dd62a243df723d8d1f9abeca4a47535a012b6d0b430	14532912-ffe0-430d-8f42-36885a1ad8e8	6bf130ee-25f7-4585-9cef-1f8f915f8355	1	6014	6507	In this 1.5-unit (i.e. 270-hour) service-learning course, students will\nconduct a needs analysis in an actual clinical health care site, where\nthey will spend a minimum of 80 practicum hours. The prac	In this 1.5-unit (i.e. 270-hour) service-learning course, students will\nconduct a needs analysis in an actual clinical health care site, where\nthey will spend a minimum of 80 practicum hours. The practicum portion\nof the course counts as their Applied Practice Experience (APE).\nStudents will receive information on the APE requirements in the summer\nbefore the fall semester. Students will consider levels of intervention\nincluding the individual; families or small groups; organizations such	2026-03-04 21:19:20.90552-05
813d8a66-49c5-4bdb-9a26-0fba00755462	a7d86f998435bea48d49860e7cfb09a282b3711625f560b2844e75e18632be26	14532912-ffe0-430d-8f42-36885a1ad8e8	6bf130ee-25f7-4585-9cef-1f8f915f8355	1	6509	7063	as schools, worksites, health care settings; communities; the media;\npolicy and environmental changes. Students will identify personal and\nenvironmental factors that affect public health and develop s	as schools, worksites, health care settings; communities; the media;\npolicy and environmental changes. Students will identify personal and\nenvironmental factors that affect public health and develop skills in needs\nassessment, formative research, cultural sensitivity, behavior change\ntheories, intervention mapping, process and impact/outcome evaluation\nand dissemination. Students will critique intervention studies and gain\nexperience in developing a behavior change intervention.\n\nPHP 2076. Integrated Learning Experience for Accelerated MPH\nProgram.	2026-03-04 21:19:20.90552-05
4e72e56a-e1ad-487e-b096-89415c65a88c	f04d24b34c7906f4b052fc51db9314e779008a652e8548b59709969e5d2056ca	14532912-ffe0-430d-8f42-36885a1ad8e8	6bf130ee-25f7-4585-9cef-1f8f915f8355	1	7065	7784	The ILE allows students the opportunity to synthesize their public health\ncompetencies at the end of the accelerated MPH program. The course will\nbe conducted in a didactic and workshop style format s	The ILE allows students the opportunity to synthesize their public health\ncompetencies at the end of the accelerated MPH program. The course will\nbe conducted in a didactic and workshop style format so the attendees\nwill have an experience of how to approach and identify public health\ntopics of interest and how to advance public health messaging, policy,\nand research. The course will help students become familiar with how\n\nto guide and implement findings of clinical medical research to public\nhealth policies, conduct research and special attention to ethics of human\nsubjects research and focus on the regulatory procedures for conducting\nethical research in clinical settings.\n\nPHP 2077A. Capstone: Policy Brief.	2026-03-04 21:19:20.90552-05
8429aee2-d300-49bb-a5e0-662b7260c565	4a998ac8cd247abd4d5b6e6bcd4499867ccf86040b18e8254514d51753c06c80	14532912-ffe0-430d-8f42-36885a1ad8e8	6bf130ee-25f7-4585-9cef-1f8f915f8355	1	7786	8685	The Integrated Learning Experience (ILE) is designed to enable MPH\nstudents to synthesize learning across their core courses, concentration\ncourses, and practicum experiences. Historically, the Brown 	The Integrated Learning Experience (ILE) is designed to enable MPH\nstudents to synthesize learning across their core courses, concentration\ncourses, and practicum experiences. Historically, the Brown School of\nPublic Health has required a thesis for the ILE, however, students may\nnow complete a thesis or a capstone course as their ILE. The thesis is\nthe better option for those who want to conduct academic research with\na mentor in an independent study-type format, the capstone course is\nfor those who prefer an applied project in a classroom setting. Policy\nBrief: Students who choose to enroll in the policy brief section will learn\nto examine policy options to address emerging issues, analyze the\npossibilities, and communicate recommendations as a policy brief.\nStudents will design their brief to provide decision makers with analysis-\nbased recommendations on a specific issue or problem.	2026-03-04 21:19:20.90552-05
0413de27-6d5e-4803-b523-999b1be18412	4356277dfbe65cc69c7ac58a4b0de74db9dbbaf4d94bc860800a6cbd8c6e1f13	050cd799-1cee-4085-920a-b015d9d407df	dbe85c5d-8add-4ce2-ab4c-8a5ca7ebcb38	1	0	900	PHP 2560 — Statistical Programming with R\nBrown University School of Public Health | Fall 2026\nCourse Code PHP 2560\nTitle Statistical Programming with R\nFormat Flipped classroom (lecture + applied lab	PHP 2560 — Statistical Programming with R\nBrown University School of Public Health | Fall 2026\nCourse Code PHP 2560\nTitle Statistical Programming with R\nFormat Flipped classroom (lecture + applied lab)\nProgramming Languages R and Julia\nPrerequisites PHP 2510 or equivalent; instructor permission for non-Biostatistics students\nInstructor\nInstructor: Dr. Michael Tran\nEmail: michael_tran@brown.edu\nOffice Hours: Tue 1:00–3:00 PM (in-person and Zoom)\nCourse Description\nStatistical computing is an essential part of data analysis. Students learn not only to use existing statistical\nsoftware but to understand how that software functions internally. Core concepts include data management,\ndata types, data cleaning and manipulation, databases, graphics, functions, loops, simulation, and Markov\nChain Monte Carlo methods. Students practice writing organized, well-documented code using both R and Julia	2026-03-04 21:19:27.074413-05
56046bd9-ff88-47d6-a244-35559d86f775	33533802e891e182559bc841ec2bc3a5f8871fb4e819cc3ccf4ef22114f606a6	050cd799-1cee-4085-920a-b015d9d407df	dbe85c5d-8add-4ce2-ab4c-8a5ca7ebcb38	1	900	1598	\nin a flipped classroom format that emphasizes applied problem solving.\nLearning Objectives\n(cid:127) Manipulate and clean structured and unstructured datasets using R and Julia.\n(cid:127) Write repro	\nin a flipped classroom format that emphasizes applied problem solving.\nLearning Objectives\n(cid:127) Manipulate and clean structured and unstructured datasets using R and Julia.\n(cid:127) Write reproducible scripts with clear organization and documentation.\n(cid:127) Implement simulation and basic MCMC techniques for statistical inference.\n(cid:127) Create graphical summaries and visualizations of complex datasets.\n(cid:127) Interface with databases and manage data pipelines for analysis.\nAssessment\n(cid:127) Weekly Programming Labs – 40%\n(cid:127) Midterm Project (Simulation Study) – 20%\n(cid:127) Final Project (Data Analysis + Report) – 30%\n(cid:127) Participation and Code Reviews – 10%	2026-03-04 21:19:27.074413-05
7058641b-e108-4cb1-bb68-296ae4f6b9a7	43f3ac46ec680dc6abd63944061156b4142eff1fc54c5b59f9e748487b494f92	050cd799-1cee-4085-920a-b015d9d407df	dbe85c5d-8add-4ce2-ab4c-8a5ca7ebcb38	2	0	148	Enrollment Policy\nNon-Biostatistics graduate students who have taken PHP 2510 (or an equivalent course) may request instructor\npermission to enroll.	Enrollment Policy\nNon-Biostatistics graduate students who have taken PHP 2510 (or an equivalent course) may request instructor\npermission to enroll.	2026-03-04 21:19:27.074413-05
7d29760b-2dcb-4342-9344-db8199db995d	a23e808ef4bc409bdc88b4d6215494947cc8483d49a3b68c73541c7b1a6b3154	22f9209a-7efb-478f-bc22-25ffaa9096de	dbe85c5d-8add-4ce2-ab4c-8a5ca7ebcb38	1	0	648	PHP 2511. Applied Regression Analysis.\n\nApplied multivariate statistics, presenting a unified treatment of modern\nregression models for discrete and continuous data. Topics include\nmultiple linear and	PHP 2511. Applied Regression Analysis.\n\nApplied multivariate statistics, presenting a unified treatment of modern\nregression models for discrete and continuous data. Topics include\nmultiple linear and nonlinear regression for continuous response data,\nanalysis of variance and covariance, logistic regression, Poisson\nregression, and Cox regression. Prerequisite: APMA 1650 or PHP 2510.\nOpen to advanced undergraduates with permission from the instructor.\n\nPHP 2514. Applied Generalized Linear Models.\nThis course provides a survey of generalized linear models (GLMs) for\n\noutcomes including continuous, binary, count, survival and correlated data.	2026-03-04 21:19:27.074413-05
8cc8d511-ee9c-418a-98bb-e4ba1600a752	d9ca2a43225af1e9b63ced68db3632b51c6ffa8088ba47c6a008b213a5d83262	22f9209a-7efb-478f-bc22-25ffaa9096de	dbe85c5d-8add-4ce2-ab4c-8a5ca7ebcb38	1	650	1291	This course will work through the basic theories of GLMs. Emphasis will\nbe on understanding the implications of this theory and the applications\nto solving real data problems. Extensive use of compute	This course will work through the basic theories of GLMs. Emphasis will\nbe on understanding the implications of this theory and the applications\nto solving real data problems. Extensive use of computer programming\nwill be required to analyze the data in this class. This course is designed\nfor graduate and advanced undergraduate students who will be\nanalyzing data and want to develop a practical hands on toolkit as well\n\nas understanding of the theoretical underpinnings of regression. Non-\nBiostatistics graduate students who have taken APMA1650, PHP2515, or\nPHP2520 (or an equivalent course) can request instructor permission to\nenroll.	2026-03-04 21:19:27.074413-05
6398dc57-d8ad-425c-9229-f47597ba5408	6c1b50acf7d394b0f6595fa76b4e836068719b9ad1079311214add9f8738f284	22f9209a-7efb-478f-bc22-25ffaa9096de	dbe85c5d-8add-4ce2-ab4c-8a5ca7ebcb38	1	1293	1984	PHP 2515. Fundamentals of Probability and Statistical Inference.\nThis course will provide an introduction to probability theory, mathematical\nstatistics and their application to biostatistics. The emp	PHP 2515. Fundamentals of Probability and Statistical Inference.\nThis course will provide an introduction to probability theory, mathematical\nstatistics and their application to biostatistics. The emphasis of the course\nwill be on basic mathematical and probabilistic concepts that form the\nbasis for statistical inference. The course will cover fundamental ideas of\nprobability, some simple statistical models (normal, binomial, exponential\nand Poisson), sample and population moments, nite and approximate\nsampling distributions, point and interval estimation, and hypothesis\ntesting. Examples of their use in modeling will also be discussed.\n\nPHP 2516. Applied Longitudinal Data Analysis.	2026-03-04 21:19:27.074413-05
b712e00b-8448-45f0-a391-23e8c5b078f1	9e1682ff09fc7ec89fac5606d41c805f17cd00cda584706f9f340464ab252fdc	22f9209a-7efb-478f-bc22-25ffaa9096de	dbe85c5d-8add-4ce2-ab4c-8a5ca7ebcb38	1	1986	2780	This course provides a survey of longitudinal data analysis. Topics will\nrange from exploratory analysis, study design considerations, GLM for\nlongitudinal data, covariance structures, generalized lin	This course provides a survey of longitudinal data analysis. Topics will\nrange from exploratory analysis, study design considerations, GLM for\nlongitudinal data, covariance structures, generalized linear models for\nlongitudinal data, marginal models and mixed effects. Data and examples\nwill come from medical/pharmaceutical applications, public health and\nsocial sciences.\n\nThis course is designed for graduate and advanced undergraduate\nstudents who will be analyzing data and want to develop a practical hands\non toolkit as well as understanding of the theoretical underpinnings of\nregression. Students in this class will need an understanding of how\n\nto work with Stata. Prereq is: PHP 2511 or PHP 2514; PHP 2508 with\nPermission from Instructor.\n\nPHP 2517. Applied Multilevel Data Analysis.	2026-03-04 21:19:27.074413-05
b52b7752-5a1f-4ca1-9096-35072f5cdc71	df55fa9f8e31a8f111df773cde9a779abc0778c42e424555771d5d1ef3521f2f	22f9209a-7efb-478f-bc22-25ffaa9096de	dbe85c5d-8add-4ce2-ab4c-8a5ca7ebcb38	1	2782	3499	This course provides a survey of multilevel data analysis. Topics will range\nfrom structure of multilevel data, basic multilevel linear models, multilevel\nGLM, Model testing and evalatuation and missi	This course provides a survey of multilevel data analysis. Topics will range\nfrom structure of multilevel data, basic multilevel linear models, multilevel\nGLM, Model testing and evalatuation and missing data imputation.\n\nData and examples will be drawn from medical, public health and social\nsciences. Students will be using real data throughout this course.\n\nThis course is designed for graduate and advanced undergraduate\nstudents who will be analyzing data and want to develop a practical\nhands on toolkit for multilevel analysis. Students in this class will need an\nunderstanding of how to work with R. Prereg is: PHP 2511 OR PHP 2514;\nPHP 2508 with Permission from Instructor.\n\nPHP 2520. Statistical Inference I.	2026-03-04 21:19:27.074413-05
f0f13a6f-5604-4674-afdb-ba0efc817b05	7158218b5f795305d2525cc518d77e176c5d70f5c8495e2e9758c7c62522a1e2	22f9209a-7efb-478f-bc22-25ffaa9096de	dbe85c5d-8add-4ce2-ab4c-8a5ca7ebcb38	1	3501	3955	First of two courses that provide a comprehensive introduction to the\ntheory of modern statistical inference. PHP 2520 presents a survey of\nfundamental ideas and methods, including sufficiency, likeli	First of two courses that provide a comprehensive introduction to the\ntheory of modern statistical inference. PHP 2520 presents a survey of\nfundamental ideas and methods, including sufficiency, likelihood based\ninference, hypothesis testing, asymptotic theory, and Bayesian inference.\nMeasure theory not required. Open to advanced undergraduates with\npermission from the instructor.\n\nBrown University Bulletin 181\n\nPHP 2530. Bayesian Statistical Methods.	2026-03-04 21:19:27.074413-05
39b019d7-51d0-423c-b04f-b134410305cd	964317b665c611b63a22196b273b44d5cb32266a71ecba6684d9051ef3fe3a47	22f9209a-7efb-478f-bc22-25ffaa9096de	dbe85c5d-8add-4ce2-ab4c-8a5ca7ebcb38	1	3957	4592	Surveys the state of the art in Bayesian methods and their applications.\nDiscussion of the fundamentals followed by more advanced topics\nincluding hierarchical models, Markov Chain Monte Carlo, and ot	Surveys the state of the art in Bayesian methods and their applications.\nDiscussion of the fundamentals followed by more advanced topics\nincluding hierarchical models, Markov Chain Monte Carlo, and other\nmethods for sampling from the posterior distribution, robustness, and\nsensitivity analysis, and approaches to model selection and diagnostics.\nFeatures nontrivial applications of Bayesian methods from diverse\nscientific fields, with emphasis on biomedical research. Prerequisites:\nAPMA 1650, PHP 2510, PHP 2511, or equivalent. Open to advanced\nundergraduates with permission from the instructor.\n\nPHP 2550. Practical Data Analysis.	2026-03-04 21:19:27.074413-05
9bb0cfc7-314a-40e0-8d1b-d682ec2b6cba	d105991ef246e3d1bcc8cfb7e5effb02caf524fc3b8b7a5eba89aeae2d0d5f39	22f9209a-7efb-478f-bc22-25ffaa9096de	dbe85c5d-8add-4ce2-ab4c-8a5ca7ebcb38	1	4594	5231	Covers practical skills required for successful analysis of scientific data\nincluding statistical programming, data management, exploratory data\nanalysis, simulation and model building and checking. T	Covers practical skills required for successful analysis of scientific data\nincluding statistical programming, data management, exploratory data\nanalysis, simulation and model building and checking. Tools will be\ndeveloped through a series of case studies based on different types\n\nof data requiring a variety of statistical methods. Modern regression\ntechniques such as cross-validation, bootstrapping, splines and bias-\nvariance tradeoff will be emphasized. Students should be familiar with\nstatistical inference as well as regression analysis. The course will use the\nR programming language.\n\nPHP 2560. Statistical Programming with R.	2026-03-04 21:19:27.074413-05
3374a24b-2be0-4bec-8299-43cca8b8c61d	646f151d8da8510d1d0986fe780f6912e30f62fbc54367970bf6f55c1bd1ec42	22f9209a-7efb-478f-bc22-25ffaa9096de	dbe85c5d-8add-4ce2-ab4c-8a5ca7ebcb38	1	5233	6057	Statistical computing is an essential part of analysis. Statisticians need\nnot only be able to run existing computer software but understand how\nthat software functions. Students will learn fundamenta	Statistical computing is an essential part of analysis. Statisticians need\nnot only be able to run existing computer software but understand how\nthat software functions. Students will learn fundamental concepts — Data\nManagement, Data types, Data cleaning and manipulation, databases,\ngraphics, functions, loops, simulation and Markov Chain Monte Carlo\nthrough working with various statistical analysis. Students will learn to\nwrite code in an organized fashion with comments. This course will be\ntaught using both R and Julia languages in a flipped format.\nNon-Biostatistics graduate students who have taken PHP 2510 (or an\nequivalent course) can request instructor permission to enroll.\n\nPHP 2561. Methods in Informatics and Data Science for Health.\n\nThe goal of this course is for students to develop a solution that uses	2026-03-04 21:19:27.074413-05
4d1c7146-120f-4b0e-bf0b-1dff0d0dd3de	e24510972ac8f0b2ebfdad3e05178aa142ddbbc359eaab2a808c46732b904999	22f9209a-7efb-478f-bc22-25ffaa9096de	dbe85c5d-8add-4ce2-ab4c-8a5ca7ebcb38	1	6059	6723	data science and informatics approaches to address a biomedical or\nhealth challenge. This course will teach informatics and data science skills\nneeded for public health and biomedicine research. Empha	data science and informatics approaches to address a biomedical or\nhealth challenge. This course will teach informatics and data science skills\nneeded for public health and biomedicine research. Emphasis will be given\nto algorithms used within the context of biomedical research and health\ncare, including those used in biomolecular sequence analysis, electronic\nhealth records, clinical decision support, and public health surveillance.\nThis course has been developed as a Course-based Undergraduate\nResearch Experience (CURE), where students will gain experience with\nthe scientific method, its application, and presentation.\n\nPHP 2580. Statistical Inference Il.	2026-03-04 21:19:27.074413-05
c73e2313-e836-4762-b0ba-af5a48ea2ba4	128557d853967e3bfdb1babe7b9bfc16435d94f1199f145b6af44579e6c8c3df	22f9209a-7efb-478f-bc22-25ffaa9096de	dbe85c5d-8add-4ce2-ab4c-8a5ca7ebcb38	1	6725	7193	This sequence of two courses provides a comprehensive introduction\nto the theory of modern inference. PHP 2580 covers such topics as\nnon-parametric statistics, quasi-likelihood, resampling techniques,	This sequence of two courses provides a comprehensive introduction\nto the theory of modern inference. PHP 2580 covers such topics as\nnon-parametric statistics, quasi-likelihood, resampling techniques,\nstatistical learning, and methods for high-dimensional Bioinformatics\ndata. Prerequisite: PHP 2520. Open to advanced undergraduates with\npermission from the instructor.\n\nPHP 2590. Design of Experiments.\n\nIntroduces the basic concepts and types of experimental designs	2026-03-04 21:19:27.074413-05
1c69d357-8505-40cb-a668-ca10f46b896d	6d8fd243605d4ecbfa2da27f2a4c3671be1fd86cc680558536d1537ecf61862d	22f9209a-7efb-478f-bc22-25ffaa9096de	dbe85c5d-8add-4ce2-ab4c-8a5ca7ebcb38	1	7195	7757	with a focus on their statistical properties. Concepts covered include\nrandomization, replication, blocking, matching, nesting, control of variation,\ninteraction, random and fixed factors, choice of c	with a focus on their statistical properties. Concepts covered include\nrandomization, replication, blocking, matching, nesting, control of variation,\ninteraction, random and fixed factors, choice of controls, estimation of\nprecision, and sample sizes. Types of designs to be covered include\nclassical designs such factorial, fractional factorial, split plot, randomized\nblocks, incomplete blocks, crossover, repeated measures, Latin squares,\nand central composite as well as more recent designs such as platform,\nadaptive, N-of-1, stepped wedge and dose finding.	2026-03-04 21:19:27.074413-05
b8a23f48-811e-4f4f-bdae-3d7238373819	4c4e459767277e7def0cb83737d74c392f14688e074a3c543e7128993bd57b8a	c29023ee-c941-497e-8f9c-eb40708f014d	3fb3dfe9-5ad5-4b47-962c-f30a981509e9	1	0	900	EAS 6135 — Introduction to Complex Environmental\nSystems\nGeorgia Institute of Technology | 3 Credit Hours | Spring 2026\nCourse Code EAS 6135\nTitle Introduction to Complex Environmental Systems\nCredit 	EAS 6135 — Introduction to Complex Environmental\nSystems\nGeorgia Institute of Technology | 3 Credit Hours | Spring 2026\nCourse Code EAS 6135\nTitle Introduction to Complex Environmental Systems\nCredit Hours 3\nFocus Environmental complexity across natural, human, and built systems\nPrerequisites Not specified in catalog excerpt\nInstructor\nInstructor: Prof. Amina Shah\nEmail: amina.shah@gatech.edu\nOffice Hours: Wed 12:30–2:00 PM (or by appointment)\nCourse Description\nIntroduction to the concepts of environmental complexity through the inter-relationships between natural,\nhuman, and built systems.\nLearning Outcomes\n(cid:127) Define key concepts of complexity as applied to environmental systems.\n(cid:127) Describe interactions and feedbacks among natural, human, and built environments.\n(cid:127) Use systems thinking tools (causal-loop diagrams, stocks/flows) to represent complex problems.\n(cid:	2026-03-04 21:19:32.659801-05
5c308493-0962-4223-b50e-fae5c16b5ffb	c73f448b070a084fd5e6b74df1664975a22c26dbf77320bd3593b14f62ae6f3f	c29023ee-c941-497e-8f9c-eb40708f014d	3fb3dfe9-5ad5-4b47-962c-f30a981509e9	1	900	1276	127) Evaluate tradeoffs and unintended consequences in environmental decision-making contexts.\n(cid:127) Communicate systems-based analyses clearly to technical and non-technical audiences.\nAssessment	127) Evaluate tradeoffs and unintended consequences in environmental decision-making contexts.\n(cid:127) Communicate systems-based analyses clearly to technical and non-technical audiences.\nAssessment\n(cid:127) Weekly Reading Responses – 20%\n(cid:127) Systems Mapping Assignments – 25%\n(cid:127) Midterm Take-Home Exam – 20%\n(cid:127) Final Project (Model or Case Study) – 35%	2026-03-04 21:19:32.659801-05
1fd5cf5f-b67b-494a-a83e-7d8acb962ac2	b257e3c7aaad2e346017a4d5fa2fa889bf022107e4e8fc6535ef017e07c9e65d	9f99dffc-6ed5-4ef2-862a-19a87966983d	3fb3dfe9-5ad5-4b47-962c-f30a981509e9	1	0	900	An introduction to computer modeling in earth system science.\nEAS 6131. Ocean Modeling. 3 Credit Hours.\nDeveloping and using ocean models from the simple shallow water to the full primitive equation m	An introduction to computer modeling in earth system science.\nEAS 6131. Ocean Modeling. 3 Credit Hours.\nDeveloping and using ocean models from the simple shallow water to the full primitive equation model. Includes\nhands-on programming.\nEAS 6132. Introduction to Climate Change. 3 Credit Hours.\nThe climate of the Earth, its radiation budget, greenhouse gases and their sources and sinks, potential changes\ndue to anthropogenic activities, detection of climate changes.\nEAS 6133. Marine Ecosystem Modeling. 3 Credit Hours.\nModeling population dynamics in the context of ocean circulation. Numerical techniques and simulation\ndevelopment.\nEAS 6134. Inverse Methods and Time Series Analysis in Earth and Atmospheric Sciences. 3\nCredit Hours.\nTheory of data acquisition, time series analysis, and discrete inverse theory, with applications in the earth and\natmospheric sciences.\nEAS 6135. Introduction t	2026-03-04 21:19:32.659801-05
0fff25f4-f551-4f08-944b-9c8dd587e4ed	42feaddcf4d14b32ac57e8efcfc345de03259d6ce5f1e4ab9e37208726ef2979	9f99dffc-6ed5-4ef2-862a-19a87966983d	3fb3dfe9-5ad5-4b47-962c-f30a981509e9	1	900	1488	o Complex Environmental Systems. 3 Credit Hours.\nIntroduction to the concepts of environmental complexity through the inter-relationships between natural, human,\nand built systems.\nEAS 6136. Paleoclim	o Complex Environmental Systems. 3 Credit Hours.\nIntroduction to the concepts of environmental complexity through the inter-relationships between natural, human,\nand built systems.\nEAS 6136. Paleoclimatology and Paleoceanography. 3 Credit Hours.\nThis course will explore the history of the Earth's climate, covering methods for reconstructing past climate and the\nmechanisms behind these climate changes.\nEAS 6140. Thermodynamics of Atmospheres and Oceans. 3 Credit Hours.\nThe instabilities and flows created by exchanges of heat.\nEAS 6142. Atmospheric Radiative Tranfser. 3 Credit Hours.	2026-03-04 21:19:32.659801-05
\.


--
-- Data for Name: decision_results; Type: TABLE DATA; Schema: public; Owner: melissastan
--

COPY public.decision_results (decision_run_id, created_at, result_json, needs_more_info, missing_fields) FROM stdin;
4a781cc7-a0a5-413a-b887-ad8744c075fe	2026-03-04 21:18:25.343946-05	{"gaps": [{"text": "Missing source course credits."}, {"text": "Missing source course topics and learning outcomes."}], "decision": "NEEDS_MORE_INFO", "confidence": "LOW", "equivalency_score": 0, "missing_info_requests": ["Missing source course credits.", "Missing source course topics and learning outcomes."]}	t	{"missing_info_requests": ["Missing source course credits.", "Missing source course topics and learning outcomes."]}
8faabde4-c275-4bf3-9cfe-306680345fb1	2026-03-04 21:18:31.872038-05	{"gaps": [{"text": "Missing source course credits."}, {"text": "Missing source course topics and learning outcomes."}], "decision": "NEEDS_MORE_INFO", "confidence": "LOW", "equivalency_score": 0, "missing_info_requests": ["Missing source course credits.", "Missing source course topics and learning outcomes."]}	t	{"missing_info_requests": ["Missing source course credits.", "Missing source course topics and learning outcomes."]}
f45923f7-a83f-4cae-95cd-9fd91eb55f78	2026-03-04 21:18:37.972501-05	{"gaps": [{"text": "Missing source course credits."}, {"text": "Missing source course topics and learning outcomes."}], "decision": "NEEDS_MORE_INFO", "confidence": "LOW", "equivalency_score": 0, "missing_info_requests": ["Missing source course credits.", "Missing source course topics and learning outcomes."]}	t	{"missing_info_requests": ["Missing source course credits.", "Missing source course topics and learning outcomes."]}
108ddaf2-0471-444a-8bb3-69cb57798c01	2026-03-04 21:18:44.134568-05	{"gaps": [{"text": "Missing source course credits."}, {"text": "Missing source course topics and learning outcomes."}], "decision": "NEEDS_MORE_INFO", "confidence": "LOW", "equivalency_score": 0, "missing_info_requests": ["Missing source course credits.", "Missing source course topics and learning outcomes."]}	t	{"missing_info_requests": ["Missing source course credits.", "Missing source course topics and learning outcomes."]}
698bfe7f-c442-4335-8e0c-1a5e280b96d1	2026-03-04 21:18:46.475764-05	{"gaps": [{"text": "Missing source course credits."}, {"text": "Missing source course topics and learning outcomes."}], "decision": "NEEDS_MORE_INFO", "confidence": "LOW", "equivalency_score": 0, "missing_info_requests": ["Missing source course credits.", "Missing source course topics and learning outcomes."]}	t	{"missing_info_requests": ["Missing source course credits.", "Missing source course topics and learning outcomes."]}
429def56-a38f-4aed-ac5a-703193608b4d	2026-03-04 21:18:48.678333-05	{"gaps": [{"text": "Missing source course credits."}, {"text": "Missing source course topics and learning outcomes."}], "decision": "NEEDS_MORE_INFO", "confidence": "LOW", "equivalency_score": 0, "missing_info_requests": ["Missing source course credits.", "Missing source course topics and learning outcomes."]}	t	{"missing_info_requests": ["Missing source course credits.", "Missing source course topics and learning outcomes."]}
5561ff1e-8c5c-4cf3-9b11-e6a3a564639c	2026-03-04 21:19:20.831712-05	{"gaps": [{"text": "Missing source course credits."}, {"text": "Missing source course topics and learning outcomes."}], "decision": "NEEDS_MORE_INFO", "confidence": "LOW", "equivalency_score": 0, "missing_info_requests": ["Missing source course credits.", "Missing source course topics and learning outcomes."]}	t	{"missing_info_requests": ["Missing source course credits.", "Missing source course topics and learning outcomes."]}
03101e8f-5985-41cb-820e-61c03a50f107	2026-03-04 21:19:27.004426-05	{"gaps": [{"text": "Missing source course credits."}, {"text": "Missing source course topics and learning outcomes."}], "decision": "NEEDS_MORE_INFO", "confidence": "LOW", "equivalency_score": 0, "missing_info_requests": ["Missing source course credits.", "Missing source course topics and learning outcomes."]}	t	{"missing_info_requests": ["Missing source course credits.", "Missing source course topics and learning outcomes."]}
83b6a1a9-89de-46cd-baa6-f1ba721f561e	2026-03-04 21:19:32.602423-05	{"gaps": [{"text": "Missing source course credits."}, {"text": "Missing source course topics and learning outcomes."}], "decision": "NEEDS_MORE_INFO", "confidence": "LOW", "equivalency_score": 0, "missing_info_requests": ["Missing source course credits.", "Missing source course topics and learning outcomes."]}	t	{"missing_info_requests": ["Missing source course credits.", "Missing source course topics and learning outcomes."]}
a3e4367e-2c0a-4feb-af6a-0407859e354d	2026-03-04 21:19:32.71126-05	{"gaps": [{"text": "Missing source course credits."}, {"text": "Missing source course topics and learning outcomes."}], "decision": "NEEDS_MORE_INFO", "confidence": "LOW", "equivalency_score": 0, "missing_info_requests": ["Missing source course credits.", "Missing source course topics and learning outcomes."]}	t	{"missing_info_requests": ["Missing source course credits.", "Missing source course topics and learning outcomes."]}
\.


--
-- Data for Name: decision_runs; Type: TABLE DATA; Schema: public; Owner: melissastan
--

COPY public.decision_runs (decision_run_id, request_id, created_at, started_at, finished_at, status, error_message, decision_inputs) FROM stdin;
4a781cc7-a0a5-413a-b887-ad8744c075fe	7da27bb8-5b3c-476a-9e51-4bdae04f8ff4	2026-03-04 21:18:25.343946-05	2026-03-04 21:18:25.347726-05	2026-03-04 21:18:25.353077-05	completed	\N	{"policy": {"bridge_threshold": 65, "approve_threshold": 80, "require_lab_parity": true, "require_credits_known": true, "require_topics_or_outcomes": true}, "case_id": "7da27bb8-5b3c-476a-9e51-4bdae04f8ff4", "inputs_hash": "4fdc8c8936418c86be311f6bf3236daeda354195232a8f4805751b2babaa587f", "source_course": {"topics": {"value": null, "unknown": true, "citations": []}, "credits": {"value": null, "unknown": true, "citations": []}, "outcomes": {"value": null, "unknown": true, "citations": []}, "assessments": {"value": null, "unknown": true, "citations": []}, "lab_component": {"value": null, "unknown": true, "citations": []}, "contact_hours_lab": {"value": null, "unknown": true, "citations": []}, "contact_hours_lecture": {"value": null, "unknown": true, "citations": []}}, "target_course": {"target_credits": 3, "required_topics": ["trees", "graphs", "hashing", "heaps"], "required_outcomes": ["Analyze time complexity", "Implement common data structures", "Design balanced trees"], "target_lab_required": false}, "extraction_run_id": "cf674157-225c-454b-9c64-d9befca3e67f"}
8faabde4-c275-4bf3-9cfe-306680345fb1	e84676e7-441b-4f56-b235-5b8bacf9b7d2	2026-03-04 21:18:31.872038-05	2026-03-04 21:18:31.873348-05	2026-03-04 21:18:31.87502-05	completed	\N	{"policy": {"bridge_threshold": 65, "approve_threshold": 80, "require_lab_parity": true, "require_credits_known": true, "require_topics_or_outcomes": true}, "case_id": "e84676e7-441b-4f56-b235-5b8bacf9b7d2", "inputs_hash": "9b38077fa1c9bc821fee0fb8bdda0fd02a814ed2ca269d1dbfa770bd9bc185a7", "source_course": {"topics": {"value": null, "unknown": true, "citations": []}, "credits": {"value": null, "unknown": true, "citations": []}, "outcomes": {"value": null, "unknown": true, "citations": []}, "assessments": {"value": null, "unknown": true, "citations": []}, "lab_component": {"value": null, "unknown": true, "citations": []}, "contact_hours_lab": {"value": null, "unknown": true, "citations": []}, "contact_hours_lecture": {"value": null, "unknown": true, "citations": []}}, "target_course": {"target_credits": 3, "required_topics": ["trees", "graphs", "hashing", "heaps"], "required_outcomes": ["Analyze time complexity", "Implement common data structures", "Design balanced trees"], "target_lab_required": false}, "extraction_run_id": "14d8528c-8a81-422d-827e-3cb0409f552e"}
f45923f7-a83f-4cae-95cd-9fd91eb55f78	9db9be48-be3f-4c91-aed2-2a2dff1d3281	2026-03-04 21:18:37.972501-05	2026-03-04 21:18:37.973804-05	2026-03-04 21:18:37.975415-05	completed	\N	{"policy": {"bridge_threshold": 65, "approve_threshold": 80, "require_lab_parity": true, "require_credits_known": true, "require_topics_or_outcomes": true}, "case_id": "9db9be48-be3f-4c91-aed2-2a2dff1d3281", "inputs_hash": "f82fe8995f91744032419559dcda52f1dea37a2ced601eb135add1dbf87c126b", "source_course": {"topics": {"value": null, "unknown": true, "citations": []}, "credits": {"value": null, "unknown": true, "citations": []}, "outcomes": {"value": null, "unknown": true, "citations": []}, "assessments": {"value": null, "unknown": true, "citations": []}, "lab_component": {"value": null, "unknown": true, "citations": []}, "contact_hours_lab": {"value": null, "unknown": true, "citations": []}, "contact_hours_lecture": {"value": null, "unknown": true, "citations": []}}, "target_course": {"target_credits": 3, "required_topics": ["trees", "graphs", "hashing", "heaps"], "required_outcomes": ["Analyze time complexity", "Implement common data structures", "Design balanced trees"], "target_lab_required": false}, "extraction_run_id": "6187bc1a-d4af-4e2d-8d29-069df547275f"}
108ddaf2-0471-444a-8bb3-69cb57798c01	86a0f083-7526-43fa-ac73-4e467c3f661e	2026-03-04 21:18:44.134568-05	2026-03-04 21:18:44.136066-05	2026-03-04 21:18:44.137926-05	completed	\N	{"policy": {"bridge_threshold": 65, "approve_threshold": 80, "require_lab_parity": true, "require_credits_known": true, "require_topics_or_outcomes": true}, "case_id": "86a0f083-7526-43fa-ac73-4e467c3f661e", "inputs_hash": "03ae234cbf55b3542384544e1935c7331632d25ffe65ac05c74035098d753ae3", "source_course": {"topics": {"value": null, "unknown": true, "citations": []}, "credits": {"value": null, "unknown": true, "citations": []}, "outcomes": {"value": null, "unknown": true, "citations": []}, "assessments": {"value": null, "unknown": true, "citations": []}, "lab_component": {"value": null, "unknown": true, "citations": []}, "contact_hours_lab": {"value": null, "unknown": true, "citations": []}, "contact_hours_lecture": {"value": null, "unknown": true, "citations": []}}, "target_course": {"target_credits": 3, "required_topics": ["trees", "graphs", "hashing", "heaps"], "required_outcomes": ["Analyze time complexity", "Implement common data structures", "Design balanced trees"], "target_lab_required": false}, "extraction_run_id": "5bfaf909-77b5-418a-ab56-8ff0c8d4e7f2"}
698bfe7f-c442-4335-8e0c-1a5e280b96d1	da297bc6-585f-4404-9962-d907426f9259	2026-03-04 21:18:46.475764-05	2026-03-04 21:18:46.478168-05	2026-03-04 21:18:46.479944-05	completed	\N	{"policy": {"bridge_threshold": 65, "approve_threshold": 80, "require_lab_parity": true, "require_credits_known": true, "require_topics_or_outcomes": true}, "case_id": "da297bc6-585f-4404-9962-d907426f9259", "inputs_hash": "13c7559a39e3b92e48cd87130c7964a1f055d6718fe7a1658fb8e3a0871e6fc3", "source_course": {"topics": {"value": null, "unknown": true, "citations": []}, "credits": {"value": null, "unknown": true, "citations": []}, "outcomes": {"value": null, "unknown": true, "citations": []}, "assessments": {"value": null, "unknown": true, "citations": []}, "lab_component": {"value": null, "unknown": true, "citations": []}, "contact_hours_lab": {"value": null, "unknown": true, "citations": []}, "contact_hours_lecture": {"value": null, "unknown": true, "citations": []}}, "target_course": {"target_credits": 3, "required_topics": ["trees", "graphs", "hashing", "heaps"], "required_outcomes": ["Analyze time complexity", "Implement common data structures", "Design balanced trees"], "target_lab_required": false}, "extraction_run_id": "a246993d-c926-4f0b-ab89-eea2c28236c5"}
429def56-a38f-4aed-ac5a-703193608b4d	06b2a592-f3cc-41f4-8c2f-01b5ac39bc89	2026-03-04 21:18:48.678333-05	2026-03-04 21:18:48.679877-05	2026-03-04 21:18:48.68135-05	completed	\N	{"policy": {"bridge_threshold": 65, "approve_threshold": 80, "require_lab_parity": true, "require_credits_known": true, "require_topics_or_outcomes": true}, "case_id": "06b2a592-f3cc-41f4-8c2f-01b5ac39bc89", "inputs_hash": "7d8c1caf0205ed55a9f1b4ac03eb12a05e48641760d5919bb866ae6458955d6a", "source_course": {"topics": {"value": null, "unknown": true, "citations": []}, "credits": {"value": null, "unknown": true, "citations": []}, "outcomes": {"value": null, "unknown": true, "citations": []}, "assessments": {"value": null, "unknown": true, "citations": []}, "lab_component": {"value": null, "unknown": true, "citations": []}, "contact_hours_lab": {"value": null, "unknown": true, "citations": []}, "contact_hours_lecture": {"value": null, "unknown": true, "citations": []}}, "target_course": {"target_credits": 3, "required_topics": ["trees", "graphs", "hashing", "heaps"], "required_outcomes": ["Analyze time complexity", "Implement common data structures", "Design balanced trees"], "target_lab_required": false}, "extraction_run_id": "d5fc12cf-6815-4eb8-8e9e-28cf4756bc7b"}
5561ff1e-8c5c-4cf3-9b11-e6a3a564639c	c184cae2-4ab9-4702-a855-5d39344f6419	2026-03-04 21:19:20.831712-05	2026-03-04 21:19:20.833095-05	2026-03-04 21:19:20.83478-05	completed	\N	{"policy": {"bridge_threshold": 65, "approve_threshold": 80, "require_lab_parity": true, "require_credits_known": true, "require_topics_or_outcomes": true}, "case_id": "c184cae2-4ab9-4702-a855-5d39344f6419", "inputs_hash": "920a6986c835778d6328ab77d7c7be8787c8a84e65569c8926913c060e8eaa3f", "source_course": {"topics": {"value": null, "unknown": true, "citations": []}, "credits": {"value": null, "unknown": true, "citations": []}, "outcomes": {"value": null, "unknown": true, "citations": []}, "assessments": {"value": null, "unknown": true, "citations": []}, "lab_component": {"value": null, "unknown": true, "citations": []}, "contact_hours_lab": {"value": null, "unknown": true, "citations": []}, "contact_hours_lecture": {"value": null, "unknown": true, "citations": []}}, "target_course": {"target_credits": 3, "required_topics": ["trees", "graphs", "hashing", "heaps"], "required_outcomes": ["Analyze time complexity", "Implement common data structures", "Design balanced trees"], "target_lab_required": false}, "extraction_run_id": "2ace3c91-1d54-4ac7-ae12-fdc2262a99e7"}
03101e8f-5985-41cb-820e-61c03a50f107	18763975-71d5-4681-8ce2-75cc116ec5b7	2026-03-04 21:19:27.004426-05	2026-03-04 21:19:27.005825-05	2026-03-04 21:19:27.007445-05	completed	\N	{"policy": {"bridge_threshold": 65, "approve_threshold": 80, "require_lab_parity": true, "require_credits_known": true, "require_topics_or_outcomes": true}, "case_id": "18763975-71d5-4681-8ce2-75cc116ec5b7", "inputs_hash": "596471c6a3582207ab73d0150dc322c6118281f0322309a627ebcb20937fc06e", "source_course": {"topics": {"value": null, "unknown": true, "citations": []}, "credits": {"value": null, "unknown": true, "citations": []}, "outcomes": {"value": null, "unknown": true, "citations": []}, "assessments": {"value": null, "unknown": true, "citations": []}, "lab_component": {"value": null, "unknown": true, "citations": []}, "contact_hours_lab": {"value": null, "unknown": true, "citations": []}, "contact_hours_lecture": {"value": null, "unknown": true, "citations": []}}, "target_course": {"target_credits": 3, "required_topics": ["trees", "graphs", "hashing", "heaps"], "required_outcomes": ["Analyze time complexity", "Implement common data structures", "Design balanced trees"], "target_lab_required": false}, "extraction_run_id": "6bf130ee-25f7-4585-9cef-1f8f915f8355"}
83b6a1a9-89de-46cd-baa6-f1ba721f561e	c0830a7e-f7f2-4c03-a57b-89d00270f1a5	2026-03-04 21:19:32.602423-05	2026-03-04 21:19:32.603773-05	2026-03-04 21:19:32.605473-05	completed	\N	{"policy": {"bridge_threshold": 65, "approve_threshold": 80, "require_lab_parity": true, "require_credits_known": true, "require_topics_or_outcomes": true}, "case_id": "c0830a7e-f7f2-4c03-a57b-89d00270f1a5", "inputs_hash": "199ebaabc8099fd3fe563841480dc33f40d3b0bf5f42d9e1419f1238c77002d2", "source_course": {"topics": {"value": null, "unknown": true, "citations": []}, "credits": {"value": null, "unknown": true, "citations": []}, "outcomes": {"value": null, "unknown": true, "citations": []}, "assessments": {"value": null, "unknown": true, "citations": []}, "lab_component": {"value": null, "unknown": true, "citations": []}, "contact_hours_lab": {"value": null, "unknown": true, "citations": []}, "contact_hours_lecture": {"value": null, "unknown": true, "citations": []}}, "target_course": {"target_credits": 3, "required_topics": ["trees", "graphs", "hashing", "heaps"], "required_outcomes": ["Analyze time complexity", "Implement common data structures", "Design balanced trees"], "target_lab_required": false}, "extraction_run_id": "dbe85c5d-8add-4ce2-ab4c-8a5ca7ebcb38"}
a3e4367e-2c0a-4feb-af6a-0407859e354d	1f9af5ad-19e2-4468-be6f-e3dec3534788	2026-03-04 21:19:32.71126-05	2026-03-04 21:19:32.712215-05	2026-03-04 21:19:32.713507-05	completed	\N	{"policy": {"bridge_threshold": 65, "approve_threshold": 80, "require_lab_parity": true, "require_credits_known": true, "require_topics_or_outcomes": true}, "case_id": "1f9af5ad-19e2-4468-be6f-e3dec3534788", "inputs_hash": "9db2406ccfc28e8ae0f710b275e285935755262fa88887ece3f9844124b978c6", "source_course": {"topics": {"value": null, "unknown": true, "citations": []}, "credits": {"value": null, "unknown": true, "citations": []}, "outcomes": {"value": null, "unknown": true, "citations": []}, "assessments": {"value": null, "unknown": true, "citations": []}, "lab_component": {"value": null, "unknown": true, "citations": []}, "contact_hours_lab": {"value": null, "unknown": true, "citations": []}, "contact_hours_lecture": {"value": null, "unknown": true, "citations": []}}, "target_course": {"target_credits": 3, "required_topics": ["trees", "graphs", "hashing", "heaps"], "required_outcomes": ["Analyze time complexity", "Implement common data structures", "Design balanced trees"], "target_lab_required": false}, "extraction_run_id": "3fb3dfe9-5ad5-4b47-962c-f30a981509e9"}
\.


--
-- Data for Name: documents; Type: TABLE DATA; Schema: public; Owner: melissastan
--

COPY public.documents (doc_id, request_id, created_at, filename, content_type, sha256, storage_uri, size_bytes, is_active) FROM stdin;
1308e507-d526-4760-aef2-c96ad5f26239	7da27bb8-5b3c-476a-9e51-4bdae04f8ff4	2026-03-04 21:18:25.005615-05	MED_2150_General_Pathology_Syllabus_CASE01.pdf	application/pdf	6e52951910de8fd49ac69e9f654bfc0acecd6f11415e1c1f2a84689ab0295f70	Data/Raw/Uploads/7da27bb8-5b3c-476a-9e51-4bdae04f8ff4/MED_2150_General_Pathology_Syllabus_CASE01.pdf	5094	t
6b5ca83c-86c5-41a1-85ff-966ea7bb18fc	7da27bb8-5b3c-476a-9e51-4bdae04f8ff4	2026-03-04 21:18:25.005615-05	brown_MED2045_CASE01.pdf	application/pdf	c45eb964f01d02a8c0d082ff8cc5810d6cced9242df9c3c4698e519b94a3a79c	Data/Raw/Uploads/7da27bb8-5b3c-476a-9e51-4bdae04f8ff4/brown_MED2045_CASE01.pdf	1043262	t
8c715724-3f6d-44c4-99d2-509d261fe01c	e84676e7-441b-4f56-b235-5b8bacf9b7d2	2026-03-04 21:18:25.3691-05	MED_2200_Anatomy_and_Physiology_Syllabus_CASE02.pdf	application/pdf	bf2870dbc2b4ca61ff9afc280c4779baf43a43e688a46553b60fe8236ef6e3a6	Data/Raw/Uploads/e84676e7-441b-4f56-b235-5b8bacf9b7d2/MED_2200_Anatomy_and_Physiology_Syllabus_CASE02.pdf	3504	t
e79d3c79-e21d-4298-8962-22a9b46375bf	e84676e7-441b-4f56-b235-5b8bacf9b7d2	2026-03-04 21:18:25.3691-05	brown_course_desc_CASE02.pdf	application/pdf	35ea5367d4f356d926377dcb813188a7c4e654cf5c8ceac5959d209ffa64ffec	Data/Raw/Uploads/e84676e7-441b-4f56-b235-5b8bacf9b7d2/brown_course_desc_CASE02.pdf	2915160	t
03bd475e-08c2-4a6b-874b-1140272b433f	9db9be48-be3f-4c91-aed2-2a2dff1d3281	2026-03-04 21:18:31.889003-05	BIOL_0280_Biochemistry_Syllabus_CASE03.pdf	application/pdf	20b37a3a393bc911410fe893d14c13e4974121b21406fa213052fcd747f80ade	Data/Raw/Uploads/9db9be48-be3f-4c91-aed2-2a2dff1d3281/BIOL_0280_Biochemistry_Syllabus_CASE03.pdf	3737	t
9ed9acf2-7229-4a1b-8149-9156c691bf86	9db9be48-be3f-4c91-aed2-2a2dff1d3281	2026-03-04 21:18:31.889003-05	brown_course_desc_CASE03.pdf	application/pdf	18a8343ff2157bd76cf7b1aa0ff49ad23c2a0b96c450bdab8c8d02494d5455af	Data/Raw/Uploads/9db9be48-be3f-4c91-aed2-2a2dff1d3281/brown_course_desc_CASE03.pdf	3003145	t
5a43aa7b-9836-460c-8fab-e63e457af856	86a0f083-7526-43fa-ac73-4e467c3f661e	2026-03-04 21:18:37.990001-05	BIOL_0420_Principles_of_Ecology_Syllabus_CASE04.pdf	application/pdf	519957591ac75f7090c5bccbc5cc653b61e0c381d6557fe9ed938af89830bba7	Data/Raw/Uploads/86a0f083-7526-43fa-ac73-4e467c3f661e/BIOL_0420_Principles_of_Ecology_Syllabus_CASE04.pdf	3167	t
52ce2f4c-fc4f-430a-bc6c-d4e72cfd77e1	86a0f083-7526-43fa-ac73-4e467c3f661e	2026-03-04 21:18:37.990001-05	brown_course_desc_CASE04.pdf	application/pdf	18a8343ff2157bd76cf7b1aa0ff49ad23c2a0b96c450bdab8c8d02494d5455af	Data/Raw/Uploads/86a0f083-7526-43fa-ac73-4e467c3f661e/brown_course_desc_CASE04.pdf	3003145	t
da3b90e5-4ba5-40bd-9530-e1df3c323124	da297bc6-585f-4404-9962-d907426f9259	2026-03-04 21:18:44.150652-05	APPH_6209_Clinical_Pathology_Syllabus_CASE05.pdf	application/pdf	b1bb44f94ef8be24da32a2f41fcc2b9952df25ac2e4331e8a696333111c233d5	Data/Raw/Uploads/da297bc6-585f-4404-9962-d907426f9259/APPH_6209_Clinical_Pathology_Syllabus_CASE05.pdf	3378	t
8b345d9e-ee22-467d-a526-557cc1079331	da297bc6-585f-4404-9962-d907426f9259	2026-03-04 21:18:44.150652-05	georgia_tech_course_desc_CASE05.pdf	application/pdf	7ea6334e3640070d3838c315c926614084507b406a6b9af1d8845d64338f7859	Data/Raw/Uploads/da297bc6-585f-4404-9962-d907426f9259/georgia_tech_course_desc_CASE05.pdf	615897	t
8c81e46f-ca76-4625-aaee-7010904b2f05	06b2a592-f3cc-41f4-8c2f-01b5ac39bc89	2026-03-04 21:18:46.491408-05	APPH_6500_Classics_in_Neuroscience_Syllabus_CASE06.pdf	application/pdf	31a94fbac66f3a5bfb3d399c78d7b690ad6737a8df97cc63e539ebb5261ac895	Data/Raw/Uploads/06b2a592-f3cc-41f4-8c2f-01b5ac39bc89/APPH_6500_Classics_in_Neuroscience_Syllabus_CASE06.pdf	2589	t
9a60938d-ffe9-4a63-9faa-e13aaa4ddae7	06b2a592-f3cc-41f4-8c2f-01b5ac39bc89	2026-03-04 21:18:46.491408-05	georgia_tech_course_desc_CASE06.pdf	application/pdf	81bb048331dc823bcd8c779893d45d6c078efb1dc93bed87a565051ea49be2fd	Data/Raw/Uploads/06b2a592-f3cc-41f4-8c2f-01b5ac39bc89/georgia_tech_course_desc_CASE06.pdf	536904	t
a1d04cc3-271f-4af0-a315-42c7d031c515	c184cae2-4ab9-4702-a855-5d39344f6419	2026-03-04 21:18:48.691624-05	CollegeSource Online_ M I T Massachusetts Institute of Technology 2023-2024.pdf	application/pdf	897f72aa95d80db76712b35593d7704127799f4c19b4430725c4e5bc1dd76912	Data/Raw/Uploads/c184cae2-4ab9-4702-a855-5d39344f6419/CollegeSource Online_ M I T Massachusetts Institute of Technology 2023-2024.pdf	6368701	t
1ed004d6-2851-4085-9fa5-f12a64fdd1b1	c184cae2-4ab9-4702-a855-5d39344f6419	2026-03-04 21:18:48.691624-05	MIT_10_213_CBE_Thermodynamics_Syllabus_CASE08.pdf	application/pdf	5d71b0043ef1e9bca64c435ce1af45d132551c8d842b93d00386871b5b4c5a71	Data/Raw/Uploads/c184cae2-4ab9-4702-a855-5d39344f6419/MIT_10_213_CBE_Thermodynamics_Syllabus_CASE08.pdf	4051	t
f94f97e2-161c-43f2-a3fd-af353134e9cb	18763975-71d5-4681-8ce2-75cc116ec5b7	2026-03-04 21:19:20.850637-05	PHP_2073_Leadership_and_Communication_Syllabus_CASE08.pdf	application/pdf	4c773985fa6c01ddde9f015324eb30c224f9f23aa02af93bfb45e7ffc370b9f3	Data/Raw/Uploads/18763975-71d5-4681-8ce2-75cc116ec5b7/PHP_2073_Leadership_and_Communication_Syllabus_CASE08.pdf	3959	t
14532912-ffe0-430d-8f42-36885a1ad8e8	18763975-71d5-4681-8ce2-75cc116ec5b7	2026-03-04 21:19:20.850637-05	brown_course_desc_CASE08.pdf	application/pdf	89991e02139c2db37715d87386f6be9a80a5abd4f4951bf6878c350f0e23f4fd	Data/Raw/Uploads/18763975-71d5-4681-8ce2-75cc116ec5b7/brown_course_desc_CASE08.pdf	2846256	t
050cd799-1cee-4085-920a-b015d9d407df	c0830a7e-f7f2-4c03-a57b-89d00270f1a5	2026-03-04 21:19:27.019615-05	PHP_2560_Statistical_Programming_with_R_Syllabus_CASE09.pdf	application/pdf	3f2d8ed5b0805c19a5c9a841eac1b94ceef717ac89af0bb32f64ea8c3720bbdd	Data/Raw/Uploads/c0830a7e-f7f2-4c03-a57b-89d00270f1a5/PHP_2560_Statistical_Programming_with_R_Syllabus_CASE09.pdf	3854	t
22f9209a-7efb-478f-bc22-25ffaa9096de	c0830a7e-f7f2-4c03-a57b-89d00270f1a5	2026-03-04 21:19:27.019615-05	brown_course_desc_CASE09.pdf	application/pdf	71180c279e75b84c6937dadb1229691bae4349257d95024883aa38bfb93141e2	Data/Raw/Uploads/c0830a7e-f7f2-4c03-a57b-89d00270f1a5/brown_course_desc_CASE09.pdf	2736119	t
c29023ee-c941-497e-8f9c-eb40708f014d	1f9af5ad-19e2-4468-be6f-e3dec3534788	2026-03-04 21:19:32.616569-05	EAS_6135_Introduction_to_Complex_Environmental_Systems_Syllabus_CASE10.pdf	application/pdf	60cfd405520ef50a4d6c9204cbc2a61639069aebdd1efca353369595a41dfc22	Data/Raw/Uploads/1f9af5ad-19e2-4468-be6f-e3dec3534788/EAS_6135_Introduction_to_Complex_Environmental_Systems_Syllabus_CASE10.pdf	3656	t
9f99dffc-6ed5-4ef2-862a-19a87966983d	1f9af5ad-19e2-4468-be6f-e3dec3534788	2026-03-04 21:19:32.616569-05	georia_tech_course_desc_CASE10.pdf	application/pdf	ea401809dea84c4b030dce309581234fb83789735faf17be97d8f7dad49343b4	Data/Raw/Uploads/1f9af5ad-19e2-4468-be6f-e3dec3534788/georia_tech_course_desc_CASE10.pdf	359471	t
\.


--
-- Data for Name: evidence_citations; Type: TABLE DATA; Schema: public; Owner: melissastan
--

COPY public.evidence_citations (evidence_id, chunk_uuid) FROM stdin;
8731cbc2-7060-47c3-ac7f-2f7e2c307bf4	2ce06e00-5aee-43a8-acf9-c2431ffd1118
8731cbc2-7060-47c3-ac7f-2f7e2c307bf4	10bcf5f4-8e6e-4a58-8e90-2e4ff2c2e01b
32aa1cd4-3bc5-4d34-a0e4-74257c1ded83	2ce06e00-5aee-43a8-acf9-c2431ffd1118
32aa1cd4-3bc5-4d34-a0e4-74257c1ded83	10bcf5f4-8e6e-4a58-8e90-2e4ff2c2e01b
a51eae98-7983-4c67-814e-16105031b57b	2ce06e00-5aee-43a8-acf9-c2431ffd1118
a51eae98-7983-4c67-814e-16105031b57b	10bcf5f4-8e6e-4a58-8e90-2e4ff2c2e01b
bba95d1a-5b30-4d53-b94a-553a5c28e749	2ce06e00-5aee-43a8-acf9-c2431ffd1118
bba95d1a-5b30-4d53-b94a-553a5c28e749	10bcf5f4-8e6e-4a58-8e90-2e4ff2c2e01b
ec330d23-ee51-464a-a7d2-9194a8ce99f6	2ce06e00-5aee-43a8-acf9-c2431ffd1118
ec330d23-ee51-464a-a7d2-9194a8ce99f6	10bcf5f4-8e6e-4a58-8e90-2e4ff2c2e01b
40e3a8f7-c466-4e5a-8957-526a49259d21	b3585741-56c6-4400-b7da-144d84bcc5ab
40e3a8f7-c466-4e5a-8957-526a49259d21	8b36195a-2479-4620-b8aa-ed494b111b59
40e3a8f7-c466-4e5a-8957-526a49259d21	c7c4d805-215f-4baa-807d-0650938edebb
40e3a8f7-c466-4e5a-8957-526a49259d21	487f3bdb-35b2-4cf7-bb03-89155fcf8e7a
40e3a8f7-c466-4e5a-8957-526a49259d21	3bf3bf88-7bea-4518-aa9f-c31fc66c6056
40e3a8f7-c466-4e5a-8957-526a49259d21	a8675ae1-a58e-41d9-a7e7-0acbe49230ba
40e3a8f7-c466-4e5a-8957-526a49259d21	e46cd2d1-423e-4825-8644-09dff152b5d2
40e3a8f7-c466-4e5a-8957-526a49259d21	b4bb23ef-0042-42d0-a700-38a27495c759
40e3a8f7-c466-4e5a-8957-526a49259d21	5c2dfdde-fac7-4b9d-b198-88065036a811
40e3a8f7-c466-4e5a-8957-526a49259d21	7a320aa8-ce62-48d5-bdb0-4367d5b44fbf
27c7efef-4ca4-406d-abe8-67a1fb058425	b3585741-56c6-4400-b7da-144d84bcc5ab
27c7efef-4ca4-406d-abe8-67a1fb058425	8b36195a-2479-4620-b8aa-ed494b111b59
27c7efef-4ca4-406d-abe8-67a1fb058425	c7c4d805-215f-4baa-807d-0650938edebb
27c7efef-4ca4-406d-abe8-67a1fb058425	487f3bdb-35b2-4cf7-bb03-89155fcf8e7a
27c7efef-4ca4-406d-abe8-67a1fb058425	3bf3bf88-7bea-4518-aa9f-c31fc66c6056
27c7efef-4ca4-406d-abe8-67a1fb058425	a8675ae1-a58e-41d9-a7e7-0acbe49230ba
27c7efef-4ca4-406d-abe8-67a1fb058425	e46cd2d1-423e-4825-8644-09dff152b5d2
27c7efef-4ca4-406d-abe8-67a1fb058425	b4bb23ef-0042-42d0-a700-38a27495c759
27c7efef-4ca4-406d-abe8-67a1fb058425	5c2dfdde-fac7-4b9d-b198-88065036a811
27c7efef-4ca4-406d-abe8-67a1fb058425	7a320aa8-ce62-48d5-bdb0-4367d5b44fbf
fb8226dc-e433-4d82-bb97-8c73a09b99d0	7e8c09c5-4718-4136-b951-80808797a954
fb8226dc-e433-4d82-bb97-8c73a09b99d0	622b66c1-83b3-4d6f-b44f-20b0ceedd233
e801ded5-13e5-4f09-92bf-1c665adf1073	7e8c09c5-4718-4136-b951-80808797a954
e801ded5-13e5-4f09-92bf-1c665adf1073	622b66c1-83b3-4d6f-b44f-20b0ceedd233
a9710435-230a-4999-bf6d-059ab3af5191	7e8c09c5-4718-4136-b951-80808797a954
a9710435-230a-4999-bf6d-059ab3af5191	622b66c1-83b3-4d6f-b44f-20b0ceedd233
9994e218-d146-4dd1-9ce8-c7b7e056acb8	7e8c09c5-4718-4136-b951-80808797a954
9994e218-d146-4dd1-9ce8-c7b7e056acb8	622b66c1-83b3-4d6f-b44f-20b0ceedd233
bd734802-7bbf-4bea-92c3-5eccaa91ea0c	7e8c09c5-4718-4136-b951-80808797a954
bd734802-7bbf-4bea-92c3-5eccaa91ea0c	622b66c1-83b3-4d6f-b44f-20b0ceedd233
b03a3606-eb45-4ef5-994c-4a7f4fd174b9	f6292c79-35ae-4d3e-b460-b54fad8af242
b03a3606-eb45-4ef5-994c-4a7f4fd174b9	406dbb66-2f09-40fe-afbb-e6e3599a5f6b
b03a3606-eb45-4ef5-994c-4a7f4fd174b9	32a161f2-c1be-483a-b088-c98f1ded830a
b03a3606-eb45-4ef5-994c-4a7f4fd174b9	37c99771-b3f3-44f4-8c3b-36385e17f204
b03a3606-eb45-4ef5-994c-4a7f4fd174b9	e3d94707-f326-4370-9cbf-9bb161a4613b
b03a3606-eb45-4ef5-994c-4a7f4fd174b9	fa843850-270d-43ad-b344-69efd82467bf
b03a3606-eb45-4ef5-994c-4a7f4fd174b9	8fc72745-d70b-4fd1-aa7e-1fd4991d69be
b03a3606-eb45-4ef5-994c-4a7f4fd174b9	868bf4c2-2196-4318-b2fe-2cc78cb51115
b03a3606-eb45-4ef5-994c-4a7f4fd174b9	14b541f0-b641-4bb1-afe9-2bf095844fc7
b03a3606-eb45-4ef5-994c-4a7f4fd174b9	d6014f5d-7570-467d-91c2-1388bce6519f
b03a3606-eb45-4ef5-994c-4a7f4fd174b9	46d225b7-d41a-41f1-ab7f-ba4700e8ac86
b03a3606-eb45-4ef5-994c-4a7f4fd174b9	c92ce5e4-bde1-43f2-af55-da836d8722f1
b03a3606-eb45-4ef5-994c-4a7f4fd174b9	5001d090-8ae6-4fa8-b02e-ad07c44e5dc6
df9a709d-eaab-41ea-b61b-0887ec67eadb	f6292c79-35ae-4d3e-b460-b54fad8af242
df9a709d-eaab-41ea-b61b-0887ec67eadb	406dbb66-2f09-40fe-afbb-e6e3599a5f6b
df9a709d-eaab-41ea-b61b-0887ec67eadb	32a161f2-c1be-483a-b088-c98f1ded830a
df9a709d-eaab-41ea-b61b-0887ec67eadb	37c99771-b3f3-44f4-8c3b-36385e17f204
df9a709d-eaab-41ea-b61b-0887ec67eadb	e3d94707-f326-4370-9cbf-9bb161a4613b
df9a709d-eaab-41ea-b61b-0887ec67eadb	fa843850-270d-43ad-b344-69efd82467bf
df9a709d-eaab-41ea-b61b-0887ec67eadb	8fc72745-d70b-4fd1-aa7e-1fd4991d69be
df9a709d-eaab-41ea-b61b-0887ec67eadb	868bf4c2-2196-4318-b2fe-2cc78cb51115
df9a709d-eaab-41ea-b61b-0887ec67eadb	14b541f0-b641-4bb1-afe9-2bf095844fc7
df9a709d-eaab-41ea-b61b-0887ec67eadb	d6014f5d-7570-467d-91c2-1388bce6519f
df9a709d-eaab-41ea-b61b-0887ec67eadb	46d225b7-d41a-41f1-ab7f-ba4700e8ac86
df9a709d-eaab-41ea-b61b-0887ec67eadb	c92ce5e4-bde1-43f2-af55-da836d8722f1
df9a709d-eaab-41ea-b61b-0887ec67eadb	5001d090-8ae6-4fa8-b02e-ad07c44e5dc6
5d36cb43-ddff-4148-820a-4f30dae0109c	0cb4d8c2-49ee-4574-99cd-8e1052da69cc
5d36cb43-ddff-4148-820a-4f30dae0109c	498536fd-a8f0-404c-8938-e280badd34b6
f61300c3-67b3-47fd-aa7d-fa449a1cbfc8	0cb4d8c2-49ee-4574-99cd-8e1052da69cc
f61300c3-67b3-47fd-aa7d-fa449a1cbfc8	498536fd-a8f0-404c-8938-e280badd34b6
44b9aae4-cf2b-4364-9d61-ceb3ae48e38f	0cb4d8c2-49ee-4574-99cd-8e1052da69cc
44b9aae4-cf2b-4364-9d61-ceb3ae48e38f	498536fd-a8f0-404c-8938-e280badd34b6
c7fe4fe2-7885-4693-97d6-dfecef7f57dd	0cb4d8c2-49ee-4574-99cd-8e1052da69cc
c7fe4fe2-7885-4693-97d6-dfecef7f57dd	498536fd-a8f0-404c-8938-e280badd34b6
a76787ee-7df5-430a-821f-0ba4da79a203	0cb4d8c2-49ee-4574-99cd-8e1052da69cc
a76787ee-7df5-430a-821f-0ba4da79a203	498536fd-a8f0-404c-8938-e280badd34b6
71f2c070-be18-43e0-a08e-5e9bdfb996e9	d1b8db0d-b12c-4bb6-a3c1-137fed8d7b8a
71f2c070-be18-43e0-a08e-5e9bdfb996e9	07b9321d-8493-47da-89f5-e0434417589f
71f2c070-be18-43e0-a08e-5e9bdfb996e9	46282601-e636-489d-b2a7-b0c51110ebdc
71f2c070-be18-43e0-a08e-5e9bdfb996e9	071c6b3a-a9e0-40ad-bbde-52a2662f58bf
71f2c070-be18-43e0-a08e-5e9bdfb996e9	05ca1c60-cf85-44e5-901b-bb33e6d5d88a
71f2c070-be18-43e0-a08e-5e9bdfb996e9	883a61a1-ccbb-40b3-a700-7a74da4c4274
71f2c070-be18-43e0-a08e-5e9bdfb996e9	d5c318e7-4b0b-4c7d-a666-5b1e155a5442
71f2c070-be18-43e0-a08e-5e9bdfb996e9	aff05419-e7ab-4012-bdd2-256db19a01ae
71f2c070-be18-43e0-a08e-5e9bdfb996e9	1b62b321-48ea-4496-a504-c0e5b9e6fa4b
71f2c070-be18-43e0-a08e-5e9bdfb996e9	60c06a69-e9c8-4773-962f-bb1b016b8c22
71f2c070-be18-43e0-a08e-5e9bdfb996e9	b252e319-6d07-4223-ae5b-56935a02a899
71f2c070-be18-43e0-a08e-5e9bdfb996e9	95e088f3-05e7-47ad-a183-9b528a9bc8a4
f2eeed0b-69d4-4cf1-a367-d6e724dec03b	d1b8db0d-b12c-4bb6-a3c1-137fed8d7b8a
f2eeed0b-69d4-4cf1-a367-d6e724dec03b	07b9321d-8493-47da-89f5-e0434417589f
f2eeed0b-69d4-4cf1-a367-d6e724dec03b	46282601-e636-489d-b2a7-b0c51110ebdc
f2eeed0b-69d4-4cf1-a367-d6e724dec03b	071c6b3a-a9e0-40ad-bbde-52a2662f58bf
f2eeed0b-69d4-4cf1-a367-d6e724dec03b	05ca1c60-cf85-44e5-901b-bb33e6d5d88a
f2eeed0b-69d4-4cf1-a367-d6e724dec03b	883a61a1-ccbb-40b3-a700-7a74da4c4274
f2eeed0b-69d4-4cf1-a367-d6e724dec03b	d5c318e7-4b0b-4c7d-a666-5b1e155a5442
f2eeed0b-69d4-4cf1-a367-d6e724dec03b	aff05419-e7ab-4012-bdd2-256db19a01ae
f2eeed0b-69d4-4cf1-a367-d6e724dec03b	1b62b321-48ea-4496-a504-c0e5b9e6fa4b
f2eeed0b-69d4-4cf1-a367-d6e724dec03b	60c06a69-e9c8-4773-962f-bb1b016b8c22
f2eeed0b-69d4-4cf1-a367-d6e724dec03b	b252e319-6d07-4223-ae5b-56935a02a899
f2eeed0b-69d4-4cf1-a367-d6e724dec03b	95e088f3-05e7-47ad-a183-9b528a9bc8a4
cc1cf5ee-b1ac-4264-9389-5e22468b46bf	1a9a7441-bae7-4cba-ad32-33171286cf36
cc1cf5ee-b1ac-4264-9389-5e22468b46bf	388e1f3f-3a11-4027-b965-f26e2fc0b9e0
6b80d8d7-09a3-451c-bd86-2d3efa632da2	1a9a7441-bae7-4cba-ad32-33171286cf36
6b80d8d7-09a3-451c-bd86-2d3efa632da2	388e1f3f-3a11-4027-b965-f26e2fc0b9e0
758545ee-27f8-4a8a-8a33-160d063433fb	1a9a7441-bae7-4cba-ad32-33171286cf36
758545ee-27f8-4a8a-8a33-160d063433fb	388e1f3f-3a11-4027-b965-f26e2fc0b9e0
b1b3557f-545e-4dc9-986d-3eb3de14523f	1a9a7441-bae7-4cba-ad32-33171286cf36
b1b3557f-545e-4dc9-986d-3eb3de14523f	388e1f3f-3a11-4027-b965-f26e2fc0b9e0
7deee183-efdf-43ca-b585-3d9c86f60f6d	1a9a7441-bae7-4cba-ad32-33171286cf36
7deee183-efdf-43ca-b585-3d9c86f60f6d	388e1f3f-3a11-4027-b965-f26e2fc0b9e0
c79b2d90-f126-4d00-8777-f3fb4de4b897	8e84f896-329d-4e4d-acdd-ab989df9bb8e
c79b2d90-f126-4d00-8777-f3fb4de4b897	fdae4778-66d5-43ce-95e0-564f5040122e
c79b2d90-f126-4d00-8777-f3fb4de4b897	44b7b0b8-633e-4b77-9dc3-a2ec40690925
c79b2d90-f126-4d00-8777-f3fb4de4b897	0ec56583-5754-4ccf-b214-50b6eea2c262
c79b2d90-f126-4d00-8777-f3fb4de4b897	e7597449-2d19-48f0-8e28-e1a51d714ec7
c79b2d90-f126-4d00-8777-f3fb4de4b897	843ad213-5e45-4b4b-bec1-f2db4f775b88
c79b2d90-f126-4d00-8777-f3fb4de4b897	e5cd084d-229c-41fe-96fa-02828e998cb5
c79b2d90-f126-4d00-8777-f3fb4de4b897	8708e16b-69ec-42bc-82e6-c4a3edb469bb
c79b2d90-f126-4d00-8777-f3fb4de4b897	94c689af-23e9-4fa5-bd6a-2a1fbaf51788
c79b2d90-f126-4d00-8777-f3fb4de4b897	b4e60490-c6c1-4c22-9f66-0f7727b17f9d
c79b2d90-f126-4d00-8777-f3fb4de4b897	4d206152-e95f-4e6d-aa4b-77d9f7463131
c79b2d90-f126-4d00-8777-f3fb4de4b897	fdd404f1-4933-43ad-90c3-4091da8f76c5
6fc71785-be5b-430b-984e-a90232de66c4	8e84f896-329d-4e4d-acdd-ab989df9bb8e
6fc71785-be5b-430b-984e-a90232de66c4	fdae4778-66d5-43ce-95e0-564f5040122e
6fc71785-be5b-430b-984e-a90232de66c4	44b7b0b8-633e-4b77-9dc3-a2ec40690925
6fc71785-be5b-430b-984e-a90232de66c4	0ec56583-5754-4ccf-b214-50b6eea2c262
6fc71785-be5b-430b-984e-a90232de66c4	e7597449-2d19-48f0-8e28-e1a51d714ec7
6fc71785-be5b-430b-984e-a90232de66c4	843ad213-5e45-4b4b-bec1-f2db4f775b88
6fc71785-be5b-430b-984e-a90232de66c4	e5cd084d-229c-41fe-96fa-02828e998cb5
6fc71785-be5b-430b-984e-a90232de66c4	8708e16b-69ec-42bc-82e6-c4a3edb469bb
6fc71785-be5b-430b-984e-a90232de66c4	94c689af-23e9-4fa5-bd6a-2a1fbaf51788
6fc71785-be5b-430b-984e-a90232de66c4	b4e60490-c6c1-4c22-9f66-0f7727b17f9d
6fc71785-be5b-430b-984e-a90232de66c4	4d206152-e95f-4e6d-aa4b-77d9f7463131
6fc71785-be5b-430b-984e-a90232de66c4	fdd404f1-4933-43ad-90c3-4091da8f76c5
b408d233-c494-4414-a4a4-850bd460d028	07d9349f-fb1a-4949-b423-2df17569acc2
b408d233-c494-4414-a4a4-850bd460d028	1b69d055-34b9-4bf1-8b0a-dffa7cdb7cdc
19eb9222-baef-44c5-bcf6-84f433e0fbdd	07d9349f-fb1a-4949-b423-2df17569acc2
19eb9222-baef-44c5-bcf6-84f433e0fbdd	1b69d055-34b9-4bf1-8b0a-dffa7cdb7cdc
a3ac2e2c-8edb-4f5e-a6f5-c720f8dc2c48	07d9349f-fb1a-4949-b423-2df17569acc2
a3ac2e2c-8edb-4f5e-a6f5-c720f8dc2c48	1b69d055-34b9-4bf1-8b0a-dffa7cdb7cdc
6b799b64-25c5-49c9-9323-bc52ec03d62b	07d9349f-fb1a-4949-b423-2df17569acc2
6b799b64-25c5-49c9-9323-bc52ec03d62b	1b69d055-34b9-4bf1-8b0a-dffa7cdb7cdc
04095c85-bcaf-47fc-a3ca-a70c28f48f36	07d9349f-fb1a-4949-b423-2df17569acc2
04095c85-bcaf-47fc-a3ca-a70c28f48f36	1b69d055-34b9-4bf1-8b0a-dffa7cdb7cdc
7f636872-66f5-4237-b359-ae5ceca21fc9	3ff37aa7-cbfa-43ef-aa12-bfb5c1ff9c66
7f636872-66f5-4237-b359-ae5ceca21fc9	a55dde0a-04b2-4510-b94b-955d2540052c
7f636872-66f5-4237-b359-ae5ceca21fc9	e4519920-78a4-40f9-9eb8-d5b5f4b811f9
208a7498-e245-454d-86c9-c20a6b168791	3ff37aa7-cbfa-43ef-aa12-bfb5c1ff9c66
208a7498-e245-454d-86c9-c20a6b168791	a55dde0a-04b2-4510-b94b-955d2540052c
208a7498-e245-454d-86c9-c20a6b168791	e4519920-78a4-40f9-9eb8-d5b5f4b811f9
a448e773-c601-43a4-b3b5-686f81ee8c2b	6d5b8669-92b8-47d6-90c1-98a64986bd34
a448e773-c601-43a4-b3b5-686f81ee8c2b	ae232ee7-93d1-4e45-89a2-098c81e67efd
1115ef14-a317-4e53-855d-3b6a6910fa27	6d5b8669-92b8-47d6-90c1-98a64986bd34
1115ef14-a317-4e53-855d-3b6a6910fa27	ae232ee7-93d1-4e45-89a2-098c81e67efd
0e8c0ee4-32fe-44f7-ad2e-187479965f28	6d5b8669-92b8-47d6-90c1-98a64986bd34
0e8c0ee4-32fe-44f7-ad2e-187479965f28	ae232ee7-93d1-4e45-89a2-098c81e67efd
e14d54b3-fcb2-4450-be74-c37f0bf398e8	6d5b8669-92b8-47d6-90c1-98a64986bd34
e14d54b3-fcb2-4450-be74-c37f0bf398e8	ae232ee7-93d1-4e45-89a2-098c81e67efd
3cd8494c-fe6a-4d56-9ac4-5249e220e613	6d5b8669-92b8-47d6-90c1-98a64986bd34
3cd8494c-fe6a-4d56-9ac4-5249e220e613	ae232ee7-93d1-4e45-89a2-098c81e67efd
031e3715-706f-4711-b694-0db97f851a94	57a1d6af-0acf-4196-8dfc-e8dc225b44b2
031e3715-706f-4711-b694-0db97f851a94	d3cf9ef5-972d-4b15-861b-87f6d0c4c2aa
946f70b8-bb4d-40d9-ba10-5157bfea8473	57a1d6af-0acf-4196-8dfc-e8dc225b44b2
946f70b8-bb4d-40d9-ba10-5157bfea8473	d3cf9ef5-972d-4b15-861b-87f6d0c4c2aa
cd9c8223-cb20-46ba-b129-7f391f775f1c	6c9c67a8-d27c-4744-a375-94bdac38563d
cd9c8223-cb20-46ba-b129-7f391f775f1c	41814398-b469-48c5-9fd2-1fc2fee3ee53
145950cd-4f48-4399-a6ae-d5acabe2452f	6c9c67a8-d27c-4744-a375-94bdac38563d
145950cd-4f48-4399-a6ae-d5acabe2452f	41814398-b469-48c5-9fd2-1fc2fee3ee53
33dc1f77-94c0-4060-b5c0-2b8715be3610	6c9c67a8-d27c-4744-a375-94bdac38563d
33dc1f77-94c0-4060-b5c0-2b8715be3610	41814398-b469-48c5-9fd2-1fc2fee3ee53
0daaf979-3aff-4563-b910-1da19733b700	6c9c67a8-d27c-4744-a375-94bdac38563d
0daaf979-3aff-4563-b910-1da19733b700	41814398-b469-48c5-9fd2-1fc2fee3ee53
87fa3fa6-faee-4bae-ba36-81f9ebe4d064	6c9c67a8-d27c-4744-a375-94bdac38563d
87fa3fa6-faee-4bae-ba36-81f9ebe4d064	41814398-b469-48c5-9fd2-1fc2fee3ee53
676744eb-e7ae-418b-84c0-39c3b68544ee	2c22409b-7fe2-4a97-92b2-08233953c56e
676744eb-e7ae-418b-84c0-39c3b68544ee	c5555c0b-dac5-4ee5-b3e9-2b935e064816
676744eb-e7ae-418b-84c0-39c3b68544ee	b18603a4-6967-47f2-9bff-2b807c03a920
676744eb-e7ae-418b-84c0-39c3b68544ee	53d79eac-e97f-42ea-b0e1-d18a0cf9c9cf
676744eb-e7ae-418b-84c0-39c3b68544ee	1ecf5ad1-c2f6-4c4e-b1bb-94d1928ea118
676744eb-e7ae-418b-84c0-39c3b68544ee	64054ad1-edab-4278-97eb-006f56f52167
676744eb-e7ae-418b-84c0-39c3b68544ee	bba1b63d-3309-42fa-bbc8-548980ef75c7
676744eb-e7ae-418b-84c0-39c3b68544ee	0e4e7647-6348-43ca-84b1-d584ff92d118
676744eb-e7ae-418b-84c0-39c3b68544ee	bd85a75c-4936-4711-83dd-1ac67af34d34
1c25c9da-f15c-4723-8dce-4dfcc2eb11cb	03c16d62-bb35-4735-846b-770bf11ff2e0
1c25c9da-f15c-4723-8dce-4dfcc2eb11cb	1eaf3693-16bf-461d-9a7b-e9b41e529b65
1c25c9da-f15c-4723-8dce-4dfcc2eb11cb	8f7de2ff-a7e9-47f4-9492-b11bfd4d4d99
1c25c9da-f15c-4723-8dce-4dfcc2eb11cb	0ce8348b-3724-4adf-8d69-43fc0edba0cb
1c25c9da-f15c-4723-8dce-4dfcc2eb11cb	9d2068ac-f3bf-415d-82aa-4688747b8b1a
1c25c9da-f15c-4723-8dce-4dfcc2eb11cb	e979674c-98fd-44ac-b8b0-68646dc7cb35
1c25c9da-f15c-4723-8dce-4dfcc2eb11cb	d53f216e-8be3-40cf-874c-5527628dcf9d
1c25c9da-f15c-4723-8dce-4dfcc2eb11cb	ba8c9242-9eb3-40ba-88e7-d32b466b66c4
1c25c9da-f15c-4723-8dce-4dfcc2eb11cb	11787610-25c6-437d-8c70-c9296e261f97
419a35d0-2ac6-4688-94f7-1accf019477d	a92770c0-0ea8-4765-a5af-19cd63ee9a75
419a35d0-2ac6-4688-94f7-1accf019477d	ec117ddf-b59d-4857-b12a-ae05371eca3d
cae1fb74-4aad-4fea-984a-2e6073038771	a92770c0-0ea8-4765-a5af-19cd63ee9a75
cae1fb74-4aad-4fea-984a-2e6073038771	ec117ddf-b59d-4857-b12a-ae05371eca3d
210a2507-51e8-4b03-86ab-b3f1e420dfb1	a92770c0-0ea8-4765-a5af-19cd63ee9a75
210a2507-51e8-4b03-86ab-b3f1e420dfb1	ec117ddf-b59d-4857-b12a-ae05371eca3d
7e268b0c-fff9-4010-98a3-f44ca21db3a7	a92770c0-0ea8-4765-a5af-19cd63ee9a75
7e268b0c-fff9-4010-98a3-f44ca21db3a7	ec117ddf-b59d-4857-b12a-ae05371eca3d
ef9362bf-376e-4e21-9fc5-42645c93c736	a92770c0-0ea8-4765-a5af-19cd63ee9a75
ef9362bf-376e-4e21-9fc5-42645c93c736	ec117ddf-b59d-4857-b12a-ae05371eca3d
adb5d059-8506-407d-8b9d-8347a093db8c	1b7f75ef-d997-4ed1-b840-22d45dd4d8e4
adb5d059-8506-407d-8b9d-8347a093db8c	e9f28497-f430-4114-a1ab-5b723911bf29
adb5d059-8506-407d-8b9d-8347a093db8c	60a8941d-8d43-4e2b-85d2-9601a08d3c2a
adb5d059-8506-407d-8b9d-8347a093db8c	17b0a814-df46-4158-8a6e-76e3f9118e7c
adb5d059-8506-407d-8b9d-8347a093db8c	11730556-f982-497e-b96a-18b4d76d943d
adb5d059-8506-407d-8b9d-8347a093db8c	f015718b-81fc-4ee9-8bea-f1b0e788be1b
adb5d059-8506-407d-8b9d-8347a093db8c	feedf273-8952-4b23-b281-a49df9150e2f
adb5d059-8506-407d-8b9d-8347a093db8c	be29890c-e725-4513-b8f2-c33dbd68f5a4
adb5d059-8506-407d-8b9d-8347a093db8c	1ce1aa6b-3e9b-4e74-ac34-b707ae91928c
adb5d059-8506-407d-8b9d-8347a093db8c	6bd3d435-33cd-4b82-809c-1fd964116289
adb5d059-8506-407d-8b9d-8347a093db8c	813d8a66-49c5-4bdb-9a26-0fba00755462
adb5d059-8506-407d-8b9d-8347a093db8c	4e72e56a-e1ad-487e-b096-89415c65a88c
adb5d059-8506-407d-8b9d-8347a093db8c	8429aee2-d300-49bb-a5e0-662b7260c565
a5ab3ec3-d694-483d-98f1-6946e21d99ce	1b7f75ef-d997-4ed1-b840-22d45dd4d8e4
a5ab3ec3-d694-483d-98f1-6946e21d99ce	e9f28497-f430-4114-a1ab-5b723911bf29
a5ab3ec3-d694-483d-98f1-6946e21d99ce	60a8941d-8d43-4e2b-85d2-9601a08d3c2a
a5ab3ec3-d694-483d-98f1-6946e21d99ce	17b0a814-df46-4158-8a6e-76e3f9118e7c
a5ab3ec3-d694-483d-98f1-6946e21d99ce	11730556-f982-497e-b96a-18b4d76d943d
a5ab3ec3-d694-483d-98f1-6946e21d99ce	f015718b-81fc-4ee9-8bea-f1b0e788be1b
a5ab3ec3-d694-483d-98f1-6946e21d99ce	feedf273-8952-4b23-b281-a49df9150e2f
a5ab3ec3-d694-483d-98f1-6946e21d99ce	be29890c-e725-4513-b8f2-c33dbd68f5a4
a5ab3ec3-d694-483d-98f1-6946e21d99ce	1ce1aa6b-3e9b-4e74-ac34-b707ae91928c
a5ab3ec3-d694-483d-98f1-6946e21d99ce	6bd3d435-33cd-4b82-809c-1fd964116289
a5ab3ec3-d694-483d-98f1-6946e21d99ce	813d8a66-49c5-4bdb-9a26-0fba00755462
a5ab3ec3-d694-483d-98f1-6946e21d99ce	4e72e56a-e1ad-487e-b096-89415c65a88c
a5ab3ec3-d694-483d-98f1-6946e21d99ce	8429aee2-d300-49bb-a5e0-662b7260c565
c7758648-8e9d-4cb8-ba0a-3df9c9f2a683	0413de27-6d5e-4803-b523-999b1be18412
c7758648-8e9d-4cb8-ba0a-3df9c9f2a683	56046bd9-ff88-47d6-a244-35559d86f775
be833400-3ec4-4f28-b635-479cd915f45c	0413de27-6d5e-4803-b523-999b1be18412
be833400-3ec4-4f28-b635-479cd915f45c	56046bd9-ff88-47d6-a244-35559d86f775
9cfad1cf-13dc-4972-9beb-535ebf8cb318	0413de27-6d5e-4803-b523-999b1be18412
9cfad1cf-13dc-4972-9beb-535ebf8cb318	56046bd9-ff88-47d6-a244-35559d86f775
a04034dd-7183-4f49-92c0-2add127c04d3	0413de27-6d5e-4803-b523-999b1be18412
a04034dd-7183-4f49-92c0-2add127c04d3	56046bd9-ff88-47d6-a244-35559d86f775
7dbc8ee6-2bfb-4c9e-8809-abb02bd97794	0413de27-6d5e-4803-b523-999b1be18412
7dbc8ee6-2bfb-4c9e-8809-abb02bd97794	56046bd9-ff88-47d6-a244-35559d86f775
0e057125-6071-41f1-b930-7db73e7717fb	7d29760b-2dcb-4342-9344-db8199db995d
0e057125-6071-41f1-b930-7db73e7717fb	8cc8d511-ee9c-418a-98bb-e4ba1600a752
0e057125-6071-41f1-b930-7db73e7717fb	6398dc57-d8ad-425c-9229-f47597ba5408
0e057125-6071-41f1-b930-7db73e7717fb	b712e00b-8448-45f0-a391-23e8c5b078f1
0e057125-6071-41f1-b930-7db73e7717fb	b52b7752-5a1f-4ca1-9096-35072f5cdc71
0e057125-6071-41f1-b930-7db73e7717fb	f0f13a6f-5604-4674-afdb-ba0efc817b05
0e057125-6071-41f1-b930-7db73e7717fb	39b019d7-51d0-423c-b04f-b134410305cd
0e057125-6071-41f1-b930-7db73e7717fb	9bb0cfc7-314a-40e0-8d1b-d682ec2b6cba
0e057125-6071-41f1-b930-7db73e7717fb	3374a24b-2be0-4bec-8299-43cca8b8c61d
0e057125-6071-41f1-b930-7db73e7717fb	4d1c7146-120f-4b0e-bf0b-1dff0d0dd3de
0e057125-6071-41f1-b930-7db73e7717fb	c73e2313-e836-4762-b0ba-af5a48ea2ba4
0e057125-6071-41f1-b930-7db73e7717fb	1c69d357-8505-40cb-a668-ca10f46b896d
54ced00e-7553-4480-bf12-418d1df0c8b1	7d29760b-2dcb-4342-9344-db8199db995d
54ced00e-7553-4480-bf12-418d1df0c8b1	8cc8d511-ee9c-418a-98bb-e4ba1600a752
54ced00e-7553-4480-bf12-418d1df0c8b1	6398dc57-d8ad-425c-9229-f47597ba5408
54ced00e-7553-4480-bf12-418d1df0c8b1	b712e00b-8448-45f0-a391-23e8c5b078f1
54ced00e-7553-4480-bf12-418d1df0c8b1	b52b7752-5a1f-4ca1-9096-35072f5cdc71
54ced00e-7553-4480-bf12-418d1df0c8b1	f0f13a6f-5604-4674-afdb-ba0efc817b05
54ced00e-7553-4480-bf12-418d1df0c8b1	39b019d7-51d0-423c-b04f-b134410305cd
54ced00e-7553-4480-bf12-418d1df0c8b1	9bb0cfc7-314a-40e0-8d1b-d682ec2b6cba
54ced00e-7553-4480-bf12-418d1df0c8b1	3374a24b-2be0-4bec-8299-43cca8b8c61d
54ced00e-7553-4480-bf12-418d1df0c8b1	4d1c7146-120f-4b0e-bf0b-1dff0d0dd3de
54ced00e-7553-4480-bf12-418d1df0c8b1	c73e2313-e836-4762-b0ba-af5a48ea2ba4
54ced00e-7553-4480-bf12-418d1df0c8b1	1c69d357-8505-40cb-a668-ca10f46b896d
aaf37419-1095-40b3-a831-c7f048599c8c	b8a23f48-811e-4f4f-bdae-3d7238373819
aaf37419-1095-40b3-a831-c7f048599c8c	5c308493-0962-4223-b50e-fae5c16b5ffb
6ea44b89-ba51-4cf9-a9fd-0f0b3f272195	b8a23f48-811e-4f4f-bdae-3d7238373819
6ea44b89-ba51-4cf9-a9fd-0f0b3f272195	5c308493-0962-4223-b50e-fae5c16b5ffb
96146d51-2ca1-436c-902a-ae6ddc2b440c	b8a23f48-811e-4f4f-bdae-3d7238373819
96146d51-2ca1-436c-902a-ae6ddc2b440c	5c308493-0962-4223-b50e-fae5c16b5ffb
227a63e6-801d-4eca-9f78-80d94f37bf94	b8a23f48-811e-4f4f-bdae-3d7238373819
227a63e6-801d-4eca-9f78-80d94f37bf94	5c308493-0962-4223-b50e-fae5c16b5ffb
71d7c44c-fa7f-4602-a546-d9217f9f9381	b8a23f48-811e-4f4f-bdae-3d7238373819
71d7c44c-fa7f-4602-a546-d9217f9f9381	5c308493-0962-4223-b50e-fae5c16b5ffb
c8ab683a-562d-4ce8-a632-2573eddf2cee	1fd5cf5f-b67b-494a-a83e-7d8acb962ac2
c8ab683a-562d-4ce8-a632-2573eddf2cee	0fff25f4-f551-4f08-944b-9c8dd587e4ed
58323acb-768d-4441-bb8e-6b5e77f72aea	1fd5cf5f-b67b-494a-a83e-7d8acb962ac2
58323acb-768d-4441-bb8e-6b5e77f72aea	0fff25f4-f551-4f08-944b-9c8dd587e4ed
\.


--
-- Data for Name: extraction_runs; Type: TABLE DATA; Schema: public; Owner: melissastan
--

COPY public.extraction_runs (extraction_run_id, request_id, created_at, started_at, finished_at, status, error_message, manifest_uri, manifest_sha256) FROM stdin;
cf674157-225c-454b-9c64-d9befca3e67f	7da27bb8-5b3c-476a-9e51-4bdae04f8ff4	2026-03-04 21:18:25.023497-05	2026-03-04 21:18:25.023497-05	2026-03-04 21:18:25.337612-05	completed	\N	Data/Processed/manifests/extraction_manifest_7da27bb8-5b3c-476a-9e51-4bdae04f8ff4_cf674157-225c-454b-9c64-d9befca3e67f.json	2afa8a3a2f36338c6825235b342901803574ed03d0f04b05ba46c82975878136
14d8528c-8a81-422d-827e-3cb0409f552e	e84676e7-441b-4f56-b235-5b8bacf9b7d2	2026-03-04 21:18:25.391109-05	2026-03-04 21:18:25.391109-05	2026-03-04 21:18:31.870373-05	completed	\N	Data/Processed/manifests/extraction_manifest_e84676e7-441b-4f56-b235-5b8bacf9b7d2_14d8528c-8a81-422d-827e-3cb0409f552e.json	527c63ce30c1d7df95ced1978a2e467178feb5d6ecc070f7617d9ef09b0d4f83
6187bc1a-d4af-4e2d-8d29-069df547275f	9db9be48-be3f-4c91-aed2-2a2dff1d3281	2026-03-04 21:18:31.911392-05	2026-03-04 21:18:31.911392-05	2026-03-04 21:18:37.970218-05	completed	\N	Data/Processed/manifests/extraction_manifest_9db9be48-be3f-4c91-aed2-2a2dff1d3281_6187bc1a-d4af-4e2d-8d29-069df547275f.json	6fc2ba4000297e3dd45075551163691abc8ea860f88414ab7ec747524348a325
5bfaf909-77b5-418a-ab56-8ff0c8d4e7f2	86a0f083-7526-43fa-ac73-4e467c3f661e	2026-03-04 21:18:38.013478-05	2026-03-04 21:18:38.013478-05	2026-03-04 21:18:44.132293-05	completed	\N	Data/Processed/manifests/extraction_manifest_86a0f083-7526-43fa-ac73-4e467c3f661e_5bfaf909-77b5-418a-ab56-8ff0c8d4e7f2.json	756109a5f908b0023bdd6f6e65ce0af14adfbb4d7afaebd0c3af32bb2c415f14
a246993d-c926-4f0b-ab89-eea2c28236c5	da297bc6-585f-4404-9962-d907426f9259	2026-03-04 21:18:44.169155-05	2026-03-04 21:18:44.169155-05	2026-03-04 21:18:46.473735-05	completed	\N	Data/Processed/manifests/extraction_manifest_da297bc6-585f-4404-9962-d907426f9259_a246993d-c926-4f0b-ab89-eea2c28236c5.json	bad3ca2ff706a38411b9452d5fcefd880fdca30094a7be9b97376fd8937c2047
d5fc12cf-6815-4eb8-8e9e-28cf4756bc7b	06b2a592-f3cc-41f4-8c2f-01b5ac39bc89	2026-03-04 21:18:46.508802-05	2026-03-04 21:18:46.508802-05	2026-03-04 21:18:48.675866-05	completed	\N	Data/Processed/manifests/extraction_manifest_06b2a592-f3cc-41f4-8c2f-01b5ac39bc89_d5fc12cf-6815-4eb8-8e9e-28cf4756bc7b.json	9fcad8cd85788d1a07c02e162a089251187d52f48bbb9b438886f44fdb0334e7
2ace3c91-1d54-4ac7-ae12-fdc2262a99e7	c184cae2-4ab9-4702-a855-5d39344f6419	2026-03-04 21:18:48.712464-05	2026-03-04 21:18:48.712464-05	2026-03-04 21:19:20.82963-05	completed	\N	Data/Processed/manifests/extraction_manifest_c184cae2-4ab9-4702-a855-5d39344f6419_2ace3c91-1d54-4ac7-ae12-fdc2262a99e7.json	7c3aae1f35b5e891b6a94ff5b659865887289950a2059639048715afbcd671b9
6bf130ee-25f7-4585-9cef-1f8f915f8355	18763975-71d5-4681-8ce2-75cc116ec5b7	2026-03-04 21:19:20.870068-05	2026-03-04 21:19:20.870068-05	2026-03-04 21:19:27.002519-05	completed	\N	Data/Processed/manifests/extraction_manifest_18763975-71d5-4681-8ce2-75cc116ec5b7_6bf130ee-25f7-4585-9cef-1f8f915f8355.json	b21f2ba72a10969efa7017321fdc2f2c792242f8c65cbfe280b5b009e3e7e983
dbe85c5d-8add-4ce2-ab4c-8a5ca7ebcb38	c0830a7e-f7f2-4c03-a57b-89d00270f1a5	2026-03-04 21:19:27.038302-05	2026-03-04 21:19:27.038302-05	2026-03-04 21:19:32.600454-05	completed	\N	Data/Processed/manifests/extraction_manifest_c0830a7e-f7f2-4c03-a57b-89d00270f1a5_dbe85c5d-8add-4ce2-ab4c-8a5ca7ebcb38.json	bdee5fbcae0fa469efdb561a2aadcf54632492bb541fdfb7302fe1a4caf22fc9
3fb3dfe9-5ad5-4b47-962c-f30a981509e9	1f9af5ad-19e2-4468-be6f-e3dec3534788	2026-03-04 21:19:32.633654-05	2026-03-04 21:19:32.633654-05	2026-03-04 21:19:32.70974-05	completed	\N	Data/Processed/manifests/extraction_manifest_1f9af5ad-19e2-4468-be6f-e3dec3534788_3fb3dfe9-5ad5-4b47-962c-f30a981509e9.json	d86745a14991cf78b4670b4e60dbe6c36c94146a1e23cfbc11bd662d85a12d0e
\.


--
-- Data for Name: grounded_evidence; Type: TABLE DATA; Schema: public; Owner: melissastan
--

COPY public.grounded_evidence (evidence_id, request_id, extraction_run_id, created_at, fact_type, fact_key, fact_value, fact_json, unknown, notes) FROM stdin;
8731cbc2-7060-47c3-ac7f-2f7e2c307bf4	7da27bb8-5b3c-476a-9e51-4bdae04f8ff4	cf674157-225c-454b-9c64-d9befca3e67f	2026-03-04 21:18:25.116837-05	syllabus_course	course_code	MED 2150	\N	f	\N
32aa1cd4-3bc5-4d34-a0e4-74257c1ded83	7da27bb8-5b3c-476a-9e51-4bdae04f8ff4	cf674157-225c-454b-9c64-d9befca3e67f	2026-03-04 21:18:25.116837-05	syllabus_course	title	General Pathology	\N	f	\N
a51eae98-7983-4c67-814e-16105031b57b	7da27bb8-5b3c-476a-9e51-4bdae04f8ff4	cf674157-225c-454b-9c64-d9befca3e67f	2026-03-04 21:18:25.116837-05	syllabus_course	credits_or_units	\N	\N	t	Missing credits_or_units in syllabus
bba95d1a-5b30-4d53-b94a-553a5c28e749	7da27bb8-5b3c-476a-9e51-4bdae04f8ff4	cf674157-225c-454b-9c64-d9befca3e67f	2026-03-04 21:18:25.116837-05	syllabus_course	description	Pathology is the study of the causes, mechanisms, and consequences of disease. In General\nPathology, students study in detail the cell and tissue alterations that lead to the production of human\ndiseases. To uncover such alterations, morphological observations are correlated with studies involving\nmolecular biology, biochemistry, and genetics. In studying the pathogenesis of human disease, close\nattention is paid to epidemiological parameters, population health, aging, and environmental and\noccupational health problems. General Pathology is integrated, whenever possible, with other courses\nin the Fall Semester of the Gateways Program in order to maximize learning opportunities and\ninterdisciplinary understanding.	\N	f	\N
ec330d23-ee51-464a-a7d2-9194a8ce99f6	7da27bb8-5b3c-476a-9e51-4bdae04f8ff4	cf674157-225c-454b-9c64-d9befca3e67f	2026-03-04 21:18:25.116837-05	syllabus_course	prerequisites	\N	\N	t	Missing prerequisites in syllabus
40e3a8f7-c466-4e5a-8957-526a49259d21	7da27bb8-5b3c-476a-9e51-4bdae04f8ff4	cf674157-225c-454b-9c64-d9befca3e67f	2026-03-04 21:18:25.116837-05	catalog_document	structure_type	course_catalog_structured	\N	f	\N
27c7efef-4ca4-406d-abe8-67a1fb058425	7da27bb8-5b3c-476a-9e51-4bdae04f8ff4	cf674157-225c-454b-9c64-d9befca3e67f	2026-03-04 21:18:25.116837-05	catalog_course_match	match::MED 2150	MED 2150	{"title": "General Pathology", "subject": "MED", "course_code": "MED 2150", "description": "P_athology is the study of the causes, mechanisms, and consequences of", "source_pages": [1], "course_number": "2150", "prerequisites": null, "credits_or_units": null}	f	Catalog matched via matched_by_course_code
fb8226dc-e433-4d82-bb97-8c73a09b99d0	e84676e7-441b-4f56-b235-5b8bacf9b7d2	14d8528c-8a81-422d-827e-3cb0409f552e	2026-03-04 21:18:25.42827-05	syllabus_course	course_code	MED 2200	\N	f	\N
e801ded5-13e5-4f09-92bf-1c665adf1073	e84676e7-441b-4f56-b235-5b8bacf9b7d2	14d8528c-8a81-422d-827e-3cb0409f552e	2026-03-04 21:18:25.42827-05	syllabus_course	title	Anatomy and Physiology (4 Credits)	\N	f	\N
a9710435-230a-4999-bf6d-059ab3af5191	e84676e7-441b-4f56-b235-5b8bacf9b7d2	14d8528c-8a81-422d-827e-3cb0409f552e	2026-03-04 21:18:25.42827-05	syllabus_course	credits_or_units	\N	\N	t	Missing credits_or_units in syllabus
9994e218-d146-4dd1-9ce8-c7b7e056acb8	e84676e7-441b-4f56-b235-5b8bacf9b7d2	14d8528c-8a81-422d-827e-3cb0409f552e	2026-03-04 21:18:25.42827-05	syllabus_course	description	\N	\N	t	Missing description in syllabus
bd734802-7bbf-4bea-92c3-5eccaa91ea0c	e84676e7-441b-4f56-b235-5b8bacf9b7d2	14d8528c-8a81-422d-827e-3cb0409f552e	2026-03-04 21:18:25.42827-05	syllabus_course	prerequisites	\N	\N	t	Missing prerequisites in syllabus
b03a3606-eb45-4ef5-994c-4a7f4fd174b9	e84676e7-441b-4f56-b235-5b8bacf9b7d2	14d8528c-8a81-422d-827e-3cb0409f552e	2026-03-04 21:18:25.42827-05	catalog_document	structure_type	course_catalog_structured	\N	f	\N
df9a709d-eaab-41ea-b61b-0887ec67eadb	e84676e7-441b-4f56-b235-5b8bacf9b7d2	14d8528c-8a81-422d-827e-3cb0409f552e	2026-03-04 21:18:25.42827-05	catalog_course_match	match::MED 2200	MED 2200	{"title": "Anatomy and Physiology", "subject": "MED", "course_code": "MED 2200", "description": "This course will cover major organ systems and disease sites. Organ functions will be presented in addition to standard anatomy and cross- sectional imaging based on different modalities (x-ray Mammography, CT, MRI, PET, US). Organs at risk and dose tolerance to normal structures will be discussed. Image Registration and Fusion will also be covered, as will motion management.", "source_pages": [1], "course_number": "2200", "prerequisites": null, "credits_or_units": null}	f	Catalog matched via matched_by_course_code
5d36cb43-ddff-4148-820a-4f30dae0109c	9db9be48-be3f-4c91-aed2-2a2dff1d3281	6187bc1a-d4af-4e2d-8d29-069df547275f	2026-03-04 21:18:31.941871-05	syllabus_course	course_code	BIOL 0280	\N	f	\N
f61300c3-67b3-47fd-aa7d-fa449a1cbfc8	9db9be48-be3f-4c91-aed2-2a2dff1d3281	6187bc1a-d4af-4e2d-8d29-069df547275f	2026-03-04 21:18:31.941871-05	syllabus_course	title	Biochemistry	\N	f	\N
44b9aae4-cf2b-4364-9d61-ceb3ae48e38f	9db9be48-be3f-4c91-aed2-2a2dff1d3281	6187bc1a-d4af-4e2d-8d29-069df547275f	2026-03-04 21:18:31.941871-05	syllabus_course	credits_or_units	\N	\N	t	Missing credits_or_units in syllabus
c7fe4fe2-7885-4693-97d6-dfecef7f57dd	9db9be48-be3f-4c91-aed2-2a2dff1d3281	6187bc1a-d4af-4e2d-8d29-069df547275f	2026-03-04 21:18:31.941871-05	syllabus_course	description	Lectures and recitation sections explore the mechanisms involved in the principles of macromolecular structure\nand function, the organization and regulation of pathways for intermediary metabolism, and the transfer of\ninformation from genes to proteins.	\N	f	\N
a76787ee-7df5-430a-821f-0ba4da79a203	9db9be48-be3f-4c91-aed2-2a2dff1d3281	6187bc1a-d4af-4e2d-8d29-069df547275f	2026-03-04 21:18:31.941871-05	syllabus_course	prerequisites	Students are expected to have prior coursework providing background in molecular-level thinking, such as:\n(cid:127) Cell and Molecular Biology (BIOL 0500), or\n(cid:127) Another intermediate-level course such as BIOL 0470, BIOL 0530, or NEUR 1020.	\N	f	\N
71f2c070-be18-43e0-a08e-5e9bdfb996e9	9db9be48-be3f-4c91-aed2-2a2dff1d3281	6187bc1a-d4af-4e2d-8d29-069df547275f	2026-03-04 21:18:31.941871-05	catalog_document	structure_type	course_catalog_structured	\N	f	\N
f2eeed0b-69d4-4cf1-a367-d6e724dec03b	9db9be48-be3f-4c91-aed2-2a2dff1d3281	6187bc1a-d4af-4e2d-8d29-069df547275f	2026-03-04 21:18:31.941871-05	catalog_course_match	match::BIOL 0280	BIOL 0280	{"title": "Biochemistry", "subject": "BIOL", "course_code": "BIOL 0280", "description": "Lectures and recitation sections explore the mechanisms involved in the principles of macromolecular structure and function, the organization and regulation of pathways for intermediary metabolism, and the transfer Molecular Biology (BIOL 0500) or another intermediate level course providing background in molecular level thinking, e.g. BIOL 0470, BIOL 0530 or NEUR 1020.", "source_pages": [1], "course_number": "0280", "prerequisites": "Cell and", "credits_or_units": null}	f	Catalog matched via matched_by_course_code
cc1cf5ee-b1ac-4264-9389-5e22468b46bf	86a0f083-7526-43fa-ac73-4e467c3f661e	5bfaf909-77b5-418a-ab56-8ff0c8d4e7f2	2026-03-04 21:18:38.039548-05	syllabus_course	course_code	BIOL 0420	\N	f	\N
6b80d8d7-09a3-451c-bd86-2d3efa632da2	86a0f083-7526-43fa-ac73-4e467c3f661e	5bfaf909-77b5-418a-ab56-8ff0c8d4e7f2	2026-03-04 21:18:38.039548-05	syllabus_course	title	Principles of Ecology	\N	f	\N
758545ee-27f8-4a8a-8a33-160d063433fb	86a0f083-7526-43fa-ac73-4e467c3f661e	5bfaf909-77b5-418a-ab56-8ff0c8d4e7f2	2026-03-04 21:18:38.039548-05	syllabus_course	credits_or_units	\N	\N	t	Missing credits_or_units in syllabus
b1b3557f-545e-4dc9-986d-3eb3de14523f	86a0f083-7526-43fa-ac73-4e467c3f661e	5bfaf909-77b5-418a-ab56-8ff0c8d4e7f2	2026-03-04 21:18:38.039548-05	syllabus_course	description	This course examines the principles, concepts, and controversies involved in the study of the\ndistribution and abundance of plant and animal populations and their integration into natural\ncommunities. Emphasis is placed on interactions among organisms and the hierarchical nature of\necological processes affecting individuals, populations, and communities. The course is delivered\nthrough lectures and weekly discussion sections.	\N	f	\N
7deee183-efdf-43ca-b585-3d9c86f60f6d	86a0f083-7526-43fa-ac73-4e467c3f661e	5bfaf909-77b5-418a-ab56-8ff0c8d4e7f2	2026-03-04 21:18:38.039548-05	syllabus_course	prerequisites	(cid:127) BIOL 0200 (or equivalent)\n(cid:127) MATH 0090	\N	f	\N
c79b2d90-f126-4d00-8777-f3fb4de4b897	86a0f083-7526-43fa-ac73-4e467c3f661e	5bfaf909-77b5-418a-ab56-8ff0c8d4e7f2	2026-03-04 21:18:38.039548-05	catalog_document	structure_type	course_catalog_structured	\N	f	\N
6fc71785-be5b-430b-984e-a90232de66c4	86a0f083-7526-43fa-ac73-4e467c3f661e	5bfaf909-77b5-418a-ab56-8ff0c8d4e7f2	2026-03-04 21:18:38.039548-05	catalog_course_match	match::BIOL 0420	BIOL 0420	{"title": "Principles of Ecology", "subject": "BIOL", "course_code": "BIOL 0420", "description": "The principles, concepts, and controversies involved in the study of the distribution and abundance of plant and animal populations and their integration into natural communities. Emphasizes interactions among organisms and the hierarchical nature of ecological processes affecting equivalent) and", "source_pages": [1], "course_number": "0420", "prerequisites": "BIOL 0200 (or", "credits_or_units": null}	f	Catalog matched via matched_by_course_code
b408d233-c494-4414-a4a4-850bd460d028	da297bc6-585f-4404-9962-d907426f9259	a246993d-c926-4f0b-ab89-eea2c28236c5	2026-03-04 21:18:44.193071-05	syllabus_course	course_code	APPH 6209	\N	f	\N
19eb9222-baef-44c5-bcf6-84f433e0fbdd	da297bc6-585f-4404-9962-d907426f9259	a246993d-c926-4f0b-ab89-eea2c28236c5	2026-03-04 21:18:44.193071-05	syllabus_course	title	Clinical Pathology	\N	f	\N
a3ac2e2c-8edb-4f5e-a6f5-c720f8dc2c48	da297bc6-585f-4404-9962-d907426f9259	a246993d-c926-4f0b-ab89-eea2c28236c5	2026-03-04 21:18:44.193071-05	syllabus_course	credits_or_units	\N	\N	t	Missing credits_or_units in syllabus
6b799b64-25c5-49c9-9323-bc52ec03d62b	da297bc6-585f-4404-9962-d907426f9259	a246993d-c926-4f0b-ab89-eea2c28236c5	2026-03-04 21:18:44.193071-05	syllabus_course	description	Systems level overview of human pathology with emphasis on the effect of disease on human movement and\nneuromechanical function.	\N	f	\N
04095c85-bcaf-47fc-a3ca-a70c28f48f36	da297bc6-585f-4404-9962-d907426f9259	a246993d-c926-4f0b-ab89-eea2c28236c5	2026-03-04 21:18:44.193071-05	syllabus_course	prerequisites	\N	\N	t	Missing prerequisites in syllabus
7f636872-66f5-4237-b359-ae5ceca21fc9	da297bc6-585f-4404-9962-d907426f9259	a246993d-c926-4f0b-ab89-eea2c28236c5	2026-03-04 21:18:44.193071-05	catalog_document	structure_type	course_catalog_structured	\N	f	\N
208a7498-e245-454d-86c9-c20a6b168791	da297bc6-585f-4404-9962-d907426f9259	a246993d-c926-4f0b-ab89-eea2c28236c5	2026-03-04 21:18:44.193071-05	catalog_course_match	match::APPH 6209	APPH 6209	{"title": "Clinical Pathology", "subject": "APPH", "course_code": "APPH 6209", "description": "Systems level overview of human pathology with emphasis on the effect of disease on human movement and neuromechanical function.", "source_pages": [1], "course_number": "6209", "prerequisites": null, "credits_or_units": "2"}	f	Catalog matched via matched_by_course_code
a448e773-c601-43a4-b3b5-686f81ee8c2b	06b2a592-f3cc-41f4-8c2f-01b5ac39bc89	d5fc12cf-6815-4eb8-8e9e-28cf4756bc7b	2026-03-04 21:18:46.530966-05	syllabus_course	course_code	APPH 6500	\N	f	\N
1115ef14-a317-4e53-855d-3b6a6910fa27	06b2a592-f3cc-41f4-8c2f-01b5ac39bc89	d5fc12cf-6815-4eb8-8e9e-28cf4756bc7b	2026-03-04 21:18:46.530966-05	syllabus_course	title	Classics in Neuroscience	\N	f	\N
0e8c0ee4-32fe-44f7-ad2e-187479965f28	06b2a592-f3cc-41f4-8c2f-01b5ac39bc89	d5fc12cf-6815-4eb8-8e9e-28cf4756bc7b	2026-03-04 21:18:46.530966-05	syllabus_course	credits_or_units	1	\N	f	\N
e14d54b3-fcb2-4450-be74-c37f0bf398e8	06b2a592-f3cc-41f4-8c2f-01b5ac39bc89	d5fc12cf-6815-4eb8-8e9e-28cf4756bc7b	2026-03-04 21:18:46.530966-05	syllabus_course	description	The purpose of this seminar is to learn and explore the history of neuroscience from a perspective of\nreading classic papers that have evolved.	\N	f	\N
3cd8494c-fe6a-4d56-9ac4-5249e220e613	06b2a592-f3cc-41f4-8c2f-01b5ac39bc89	d5fc12cf-6815-4eb8-8e9e-28cf4756bc7b	2026-03-04 21:18:46.530966-05	syllabus_course	prerequisites	\N	\N	t	Missing prerequisites in syllabus
031e3715-706f-4711-b694-0db97f851a94	06b2a592-f3cc-41f4-8c2f-01b5ac39bc89	d5fc12cf-6815-4eb8-8e9e-28cf4756bc7b	2026-03-04 21:18:46.530966-05	catalog_document	structure_type	course_catalog_structured	\N	f	\N
946f70b8-bb4d-40d9-ba10-5157bfea8473	06b2a592-f3cc-41f4-8c2f-01b5ac39bc89	d5fc12cf-6815-4eb8-8e9e-28cf4756bc7b	2026-03-04 21:18:46.530966-05	catalog_course_match	match::APPH 6500	APPH 6500	{"title": "Classics in Neuroscience", "subject": "APPH", "course_code": "APPH 6500", "description": "The purpose of this seminar is to learn and explore the history of neuroscience from a perspective of reading classic papers that have evolved.", "source_pages": [1], "course_number": "6500", "prerequisites": null, "credits_or_units": "1"}	f	Catalog matched via matched_by_course_code
cd9c8223-cb20-46ba-b129-7f391f775f1c	c184cae2-4ab9-4702-a855-5d39344f6419	2ace3c91-1d54-4ac7-ae12-fdc2262a99e7	2026-03-04 21:18:48.748228-05	syllabus_course	course_code	10.213	\N	f	\N
145950cd-4f48-4399-a6ae-d5acabe2452f	c184cae2-4ab9-4702-a855-5d39344f6419	2ace3c91-1d54-4ac7-ae12-fdc2262a99e7	2026-03-04 21:18:48.748228-05	syllabus_course	title	Chemical and Biological Engineering	\N	f	\N
33dc1f77-94c0-4060-b5c0-2b8715be3610	c184cae2-4ab9-4702-a855-5d39344f6419	2ace3c91-1d54-4ac7-ae12-fdc2262a99e7	2026-03-04 21:18:48.748228-05	syllabus_course	credits_or_units	12	\N	f	\N
0daaf979-3aff-4563-b910-1da19733b700	c184cae2-4ab9-4702-a855-5d39344f6419	2ace3c91-1d54-4ac7-ae12-fdc2262a99e7	2026-03-04 21:18:48.748228-05	syllabus_course	description	Introduces core thermodynamic principles used to analyze chemical and biological engineering systems. Topics\ninclude properties of pure substances, energy and entropy balances, phase behavior, chemical potential, and\nequilibrium in reacting and nonreacting systems. Emphasis is placed on connecting molecular-level models to\nmacroscopic predictions used in engineering design and analysis.	\N	f	\N
87fa3fa6-faee-4bae-ba36-81f9ebe4d064	c184cae2-4ab9-4702-a855-5d39344f6419	2ace3c91-1d54-4ac7-ae12-fdc2262a99e7	2026-03-04 21:18:48.748228-05	syllabus_course	prerequisites	Calculus and introductory chemistry/physics (recommended)\nMeets With Undergraduate Chemical Engineering (Course 10) students	\N	f	\N
676744eb-e7ae-418b-84c0-39c3b68544ee	c184cae2-4ab9-4702-a855-5d39344f6419	2ace3c91-1d54-4ac7-ae12-fdc2262a99e7	2026-03-04 21:18:48.748228-05	catalog_document	structure_type	course_catalog_structured	\N	f	\N
1c25c9da-f15c-4723-8dce-4dfcc2eb11cb	c184cae2-4ab9-4702-a855-5d39344f6419	2ace3c91-1d54-4ac7-ae12-fdc2262a99e7	2026-03-04 21:18:48.748228-05	catalog_course_match	match::10.213	10.213	{"title": "Chemical and Biological Engineering Thermodynamics", "subject": "10", "course_code": "10.213", "description": "10.301 Fluid Mechanics may be taken in the sophomore year. The student is then well positioned for more in-depth and specialized subjects in the third and fourth years. Some students may wish to defer choice of a major field or exercise maximum freedom during the first two years. If the Restricted Electives in Science and Technology (REST) Requirement subjects chosen in the second year include", "source_pages": [2], "course_number": "213", "prerequisites": null, "credits_or_units": null}	f	Catalog matched via matched_by_course_code
419a35d0-2ac6-4688-94f7-1accf019477d	18763975-71d5-4681-8ce2-75cc116ec5b7	6bf130ee-25f7-4585-9cef-1f8f915f8355	2026-03-04 21:19:20.90552-05	syllabus_course	course_code	PHP 2073	\N	f	\N
cae1fb74-4aad-4fea-984a-2e6073038771	18763975-71d5-4681-8ce2-75cc116ec5b7	6bf130ee-25f7-4585-9cef-1f8f915f8355	2026-03-04 21:19:20.90552-05	syllabus_course	title	Leadership and Communication	\N	f	\N
210a2507-51e8-4b03-86ab-b3f1e420dfb1	18763975-71d5-4681-8ce2-75cc116ec5b7	6bf130ee-25f7-4585-9cef-1f8f915f8355	2026-03-04 21:19:20.90552-05	syllabus_course	credits_or_units	2	\N	f	\N
7e268b0c-fff9-4010-98a3-f44ca21db3a7	18763975-71d5-4681-8ce2-75cc116ec5b7	6bf130ee-25f7-4585-9cef-1f8f915f8355	2026-03-04 21:19:20.90552-05	syllabus_course	description	)	\N	f	\N
ef9362bf-376e-4e21-9fc5-42645c93c736	18763975-71d5-4681-8ce2-75cc116ec5b7	6bf130ee-25f7-4585-9cef-1f8f915f8355	2026-03-04 21:19:20.90552-05	syllabus_course	prerequisites	\N	\N	t	Missing prerequisites in syllabus
adb5d059-8506-407d-8b9d-8347a093db8c	18763975-71d5-4681-8ce2-75cc116ec5b7	6bf130ee-25f7-4585-9cef-1f8f915f8355	2026-03-04 21:19:20.90552-05	catalog_document	structure_type	course_catalog_structured	\N	f	\N
a5ab3ec3-d694-483d-98f1-6946e21d99ce	18763975-71d5-4681-8ce2-75cc116ec5b7	6bf130ee-25f7-4585-9cef-1f8f915f8355	2026-03-04 21:19:20.90552-05	catalog_course_match	match::PHP 2073	PHP 2073	{"title": "Leadership and Communication", "subject": "PHP", "course_code": "PHP 2073", "description": "The objective of this two-unit (i.e., 360-hour) course, which students will take online in the summer prior to arriving on campus, is to enable students to become public health leaders who can communicate effectively with a wide variety of audiences. Students will learn leadership principles, such as, how to create a vision, advocate for policies and programs, build coalitions, and use negotiation and mediation strategies. Students will build on their oral and written communication skills, by writing an op-ed delivering a presentation to their peers and interacting with public health leaders and elected officials. Students will also learn from leading experts in the fields of leadership and communication related to public health.", "source_pages": [1], "course_number": "2073", "prerequisites": null, "credits_or_units": null}	f	Catalog matched via matched_by_course_code
c7758648-8e9d-4cb8-ba0a-3df9c9f2a683	c0830a7e-f7f2-4c03-a57b-89d00270f1a5	dbe85c5d-8add-4ce2-ab4c-8a5ca7ebcb38	2026-03-04 21:19:27.074413-05	syllabus_course	course_code	PHP 2560	\N	f	\N
be833400-3ec4-4f28-b635-479cd915f45c	c0830a7e-f7f2-4c03-a57b-89d00270f1a5	dbe85c5d-8add-4ce2-ab4c-8a5ca7ebcb38	2026-03-04 21:19:27.074413-05	syllabus_course	title	Statistical Programming with R	\N	f	\N
9cfad1cf-13dc-4972-9beb-535ebf8cb318	c0830a7e-f7f2-4c03-a57b-89d00270f1a5	dbe85c5d-8add-4ce2-ab4c-8a5ca7ebcb38	2026-03-04 21:19:27.074413-05	syllabus_course	credits_or_units	\N	\N	t	Missing credits_or_units in syllabus
a04034dd-7183-4f49-92c0-2add127c04d3	c0830a7e-f7f2-4c03-a57b-89d00270f1a5	dbe85c5d-8add-4ce2-ab4c-8a5ca7ebcb38	2026-03-04 21:19:27.074413-05	syllabus_course	description	Statistical computing is an essential part of data analysis. Students learn not only to use existing statistical\nsoftware but to understand how that software functions internally. Core concepts include data management,\ndata types, data cleaning and manipulation, databases, graphics, functions, loops, simulation, and Markov\nChain Monte Carlo methods. Students practice writing organized, well-documented code using both R and Julia\nin a flipped classroom format that emphasizes applied problem solving.	\N	f	\N
7dbc8ee6-2bfb-4c9e-8809-abb02bd97794	c0830a7e-f7f2-4c03-a57b-89d00270f1a5	dbe85c5d-8add-4ce2-ab4c-8a5ca7ebcb38	2026-03-04 21:19:27.074413-05	syllabus_course	prerequisites	PHP 2510 or equivalent; instructor permission for non-Biostatistics students	\N	f	\N
0e057125-6071-41f1-b930-7db73e7717fb	c0830a7e-f7f2-4c03-a57b-89d00270f1a5	dbe85c5d-8add-4ce2-ab4c-8a5ca7ebcb38	2026-03-04 21:19:27.074413-05	catalog_document	structure_type	course_catalog_structured	\N	f	\N
54ced00e-7553-4480-bf12-418d1df0c8b1	c0830a7e-f7f2-4c03-a57b-89d00270f1a5	dbe85c5d-8add-4ce2-ab4c-8a5ca7ebcb38	2026-03-04 21:19:27.074413-05	catalog_course_match	match::PHP 2560	PHP 2560	{"title": "Statistical Programming with R", "subject": "PHP", "course_code": "PHP 2560", "description": "Statistical computing is an essential part of analysis. Statisticians need not only be able to run existing computer software but understand how that software functions. Students will learn fundamental concepts — Data Management, Data types, Data cleaning and manipulation, databases, graphics, functions, loops, simulation and Markov Chain Monte Carlo through working with various statistical analysis. Students will learn to write code in an organized fashion with comments. This course will be taught using both R and Julia languages in a flipped format. Non-Biostatistics graduate students who have taken PHP 2510 (or an equivalent course) can request instructor permission to enroll.", "source_pages": [1], "course_number": "2560", "prerequisites": null, "credits_or_units": null}	f	Catalog matched via matched_by_course_code
aaf37419-1095-40b3-a831-c7f048599c8c	1f9af5ad-19e2-4468-be6f-e3dec3534788	3fb3dfe9-5ad5-4b47-962c-f30a981509e9	2026-03-04 21:19:32.659801-05	syllabus_course	course_code	EAS 6135	\N	f	\N
6ea44b89-ba51-4cf9-a9fd-0f0b3f272195	1f9af5ad-19e2-4468-be6f-e3dec3534788	3fb3dfe9-5ad5-4b47-962c-f30a981509e9	2026-03-04 21:19:32.659801-05	syllabus_course	title	Introduction to Complex Environmental	\N	f	\N
96146d51-2ca1-436c-902a-ae6ddc2b440c	1f9af5ad-19e2-4468-be6f-e3dec3534788	3fb3dfe9-5ad5-4b47-962c-f30a981509e9	2026-03-04 21:19:32.659801-05	syllabus_course	credits_or_units	3	\N	f	\N
227a63e6-801d-4eca-9f78-80d94f37bf94	1f9af5ad-19e2-4468-be6f-e3dec3534788	3fb3dfe9-5ad5-4b47-962c-f30a981509e9	2026-03-04 21:19:32.659801-05	syllabus_course	description	Introduction to the concepts of environmental complexity through the inter-relationships between natural,\nhuman, and built systems.	\N	f	\N
71d7c44c-fa7f-4602-a546-d9217f9f9381	1f9af5ad-19e2-4468-be6f-e3dec3534788	3fb3dfe9-5ad5-4b47-962c-f30a981509e9	2026-03-04 21:19:32.659801-05	syllabus_course	prerequisites	Not specified in catalog excerpt	\N	f	\N
c8ab683a-562d-4ce8-a632-2573eddf2cee	1f9af5ad-19e2-4468-be6f-e3dec3534788	3fb3dfe9-5ad5-4b47-962c-f30a981509e9	2026-03-04 21:19:32.659801-05	catalog_document	structure_type	course_catalog_structured	\N	f	\N
58323acb-768d-4441-bb8e-6b5e77f72aea	1f9af5ad-19e2-4468-be6f-e3dec3534788	3fb3dfe9-5ad5-4b47-962c-f30a981509e9	2026-03-04 21:19:32.659801-05	catalog_course_match	match::EAS 6135	EAS 6135	{"title": "Introduction to Complex Environmental Systems", "subject": "EAS", "course_code": "EAS 6135", "description": "Introduction to the concepts of environmental complexity through the inter-relationships between natural, human, and built systems.", "source_pages": [1], "course_number": "6135", "prerequisites": null, "credits_or_units": "3"}	f	Catalog matched via matched_by_course_code
\.


--
-- Data for Name: requests; Type: TABLE DATA; Schema: public; Owner: melissastan
--

COPY public.requests (request_id, student_id, student_name, course_requested, created_at, updated_at, assigned_reviewer_id, status) FROM stdin;
da297bc6-585f-4404-9962-d907426f9259	CASE05	Elena Martinez	COMP 2200	2026-03-04 21:18:44.150652-05	2026-03-04 21:18:46.479948-05	885871d9-1847-4108-abab-266019af2e71	needs_info
06b2a592-f3cc-41f4-8c2f-01b5ac39bc89	CASE06	Farah Ahmed	COMP 2300	2026-03-04 21:18:46.491408-05	2026-03-04 21:18:48.681355-05	bd6331d7-122d-47de-9825-dcdaf03df0a0	needs_info
18763975-71d5-4681-8ce2-75cc116ec5b7	CASE08	Hannah Wright	COMP 2500	2026-03-04 21:19:20.850637-05	2026-03-04 21:19:27.00745-05	885871d9-1847-4108-abab-266019af2e71	needs_info
1f9af5ad-19e2-4468-be6f-e3dec3534788	CASE10	Julia Chen	COMP 2700	2026-03-04 21:19:32.616569-05	2026-03-04 21:19:32.71351-05	da1ccb31-4601-4270-a24f-4ef864a77b09	needs_info
7da27bb8-5b3c-476a-9e51-4bdae04f8ff4	CASE01	Alice Johnson	COMP 1000	2026-03-04 21:18:25.005615-05	2026-03-04 21:18:25.353085-05	da1ccb31-4601-4270-a24f-4ef864a77b09	needs_info
9db9be48-be3f-4c91-aed2-2a2dff1d3281	CASE03	Carla Gomez	COMP 2000	2026-03-04 21:18:31.889003-05	2026-03-04 21:18:37.975418-05	bd6331d7-122d-47de-9825-dcdaf03df0a0	needs_info
c184cae2-4ab9-4702-a855-5d39344f6419	CASE07	George Patel	COMP 2400	2026-03-04 21:18:48.691624-05	2026-03-04 21:19:20.834785-05	da1ccb31-4601-4270-a24f-4ef864a77b09	needs_info
c0830a7e-f7f2-4c03-a57b-89d00270f1a5	CASE09	Ivan Novak	COMP 2600	2026-03-04 21:19:27.019615-05	2026-03-04 21:19:32.605479-05	bd6331d7-122d-47de-9825-dcdaf03df0a0	needs_info
e84676e7-441b-4f56-b235-5b8bacf9b7d2	CASE02	Brian Lee	COMP 1200	2026-03-04 21:18:25.3691-05	2026-03-04 21:18:31.875025-05	885871d9-1847-4108-abab-266019af2e71	needs_info
86a0f083-7526-43fa-ac73-4e467c3f661e	CASE04	Daniel Kim	COMP 2100	2026-03-04 21:18:37.990001-05	2026-03-04 21:18:44.137932-05	da1ccb31-4601-4270-a24f-4ef864a77b09	needs_info
\.


--
-- Data for Name: review_actions; Type: TABLE DATA; Schema: public; Owner: melissastan
--

COPY public.review_actions (review_action_id, request_id, created_at, reviewer_id, action, comment, decision_run_id) FROM stdin;
\.


--
-- Data for Name: reviewers; Type: TABLE DATA; Schema: public; Owner: melissastan
--

COPY public.reviewers (reviewer_id, reviewer_name, utc_id, created_at) FROM stdin;
fbd9699b-da3a-4ca1-87ef-75c4fdb3976a	Elena Reviewer	rev005	2026-03-04 20:38:31.653711-05
da1ccb31-4601-4270-a24f-4ef864a77b09	Alice Nguyen	rev001	2026-03-04 20:38:31.653711-05
885871d9-1847-4108-abab-266019af2e71	Brian Hughes	rev002	2026-03-04 20:38:31.653711-05
bd6331d7-122d-47de-9825-dcdaf03df0a0	Carla Martinez	rev003	2026-03-04 20:38:31.653711-05
bf8d38ea-ddf4-4f3b-8da5-a9d867cb547e	Daniel Patel	rev004	2026-03-04 20:38:31.653711-05
\.


--
-- Name: citation_chunks citation_chunks_chunk_sha_id_key; Type: CONSTRAINT; Schema: public; Owner: melissastan
--

ALTER TABLE ONLY public.citation_chunks
    ADD CONSTRAINT citation_chunks_chunk_sha_id_key UNIQUE (chunk_sha_id);


--
-- Name: citation_chunks citation_chunks_pkey; Type: CONSTRAINT; Schema: public; Owner: melissastan
--

ALTER TABLE ONLY public.citation_chunks
    ADD CONSTRAINT citation_chunks_pkey PRIMARY KEY (chunk_uuid);


--
-- Name: decision_results decision_results_pkey; Type: CONSTRAINT; Schema: public; Owner: melissastan
--

ALTER TABLE ONLY public.decision_results
    ADD CONSTRAINT decision_results_pkey PRIMARY KEY (decision_run_id);


--
-- Name: decision_runs decision_runs_pkey; Type: CONSTRAINT; Schema: public; Owner: melissastan
--

ALTER TABLE ONLY public.decision_runs
    ADD CONSTRAINT decision_runs_pkey PRIMARY KEY (decision_run_id);


--
-- Name: documents documents_pkey; Type: CONSTRAINT; Schema: public; Owner: melissastan
--

ALTER TABLE ONLY public.documents
    ADD CONSTRAINT documents_pkey PRIMARY KEY (doc_id);


--
-- Name: evidence_citations evidence_citations_pkey; Type: CONSTRAINT; Schema: public; Owner: melissastan
--

ALTER TABLE ONLY public.evidence_citations
    ADD CONSTRAINT evidence_citations_pkey PRIMARY KEY (evidence_id, chunk_uuid);


--
-- Name: extraction_runs extraction_runs_pkey; Type: CONSTRAINT; Schema: public; Owner: melissastan
--

ALTER TABLE ONLY public.extraction_runs
    ADD CONSTRAINT extraction_runs_pkey PRIMARY KEY (extraction_run_id);


--
-- Name: grounded_evidence grounded_evidence_pkey; Type: CONSTRAINT; Schema: public; Owner: melissastan
--

ALTER TABLE ONLY public.grounded_evidence
    ADD CONSTRAINT grounded_evidence_pkey PRIMARY KEY (evidence_id);


--
-- Name: requests requests_pkey; Type: CONSTRAINT; Schema: public; Owner: melissastan
--

ALTER TABLE ONLY public.requests
    ADD CONSTRAINT requests_pkey PRIMARY KEY (request_id);


--
-- Name: requests requests_student_id_unique; Type: CONSTRAINT; Schema: public; Owner: melissastan
--

ALTER TABLE ONLY public.requests
    ADD CONSTRAINT requests_student_id_unique UNIQUE (student_id);


--
-- Name: review_actions review_actions_pkey; Type: CONSTRAINT; Schema: public; Owner: melissastan
--

ALTER TABLE ONLY public.review_actions
    ADD CONSTRAINT review_actions_pkey PRIMARY KEY (review_action_id);


--
-- Name: reviewers reviewers_pkey; Type: CONSTRAINT; Schema: public; Owner: melissastan
--

ALTER TABLE ONLY public.reviewers
    ADD CONSTRAINT reviewers_pkey PRIMARY KEY (reviewer_id);


--
-- Name: reviewers reviewers_utc_id_key; Type: CONSTRAINT; Schema: public; Owner: melissastan
--

ALTER TABLE ONLY public.reviewers
    ADD CONSTRAINT reviewers_utc_id_key UNIQUE (utc_id);


--
-- Name: idx_chunks_doc_id; Type: INDEX; Schema: public; Owner: melissastan
--

CREATE INDEX idx_chunks_doc_id ON public.citation_chunks USING btree (doc_id);


--
-- Name: idx_chunks_run_id; Type: INDEX; Schema: public; Owner: melissastan
--

CREATE INDEX idx_chunks_run_id ON public.citation_chunks USING btree (extraction_run_id);


--
-- Name: idx_decision_runs_request_id; Type: INDEX; Schema: public; Owner: melissastan
--

CREATE INDEX idx_decision_runs_request_id ON public.decision_runs USING btree (request_id);


--
-- Name: idx_decision_runs_status; Type: INDEX; Schema: public; Owner: melissastan
--

CREATE INDEX idx_decision_runs_status ON public.decision_runs USING btree (status);


--
-- Name: idx_documents_request_id; Type: INDEX; Schema: public; Owner: melissastan
--

CREATE INDEX idx_documents_request_id ON public.documents USING btree (request_id);


--
-- Name: idx_documents_sha256; Type: INDEX; Schema: public; Owner: melissastan
--

CREATE INDEX idx_documents_sha256 ON public.documents USING btree (sha256);


--
-- Name: idx_evidence_citations_chunk_uuid; Type: INDEX; Schema: public; Owner: melissastan
--

CREATE INDEX idx_evidence_citations_chunk_uuid ON public.evidence_citations USING btree (chunk_uuid);


--
-- Name: idx_evidence_fact_type; Type: INDEX; Schema: public; Owner: melissastan
--

CREATE INDEX idx_evidence_fact_type ON public.grounded_evidence USING btree (fact_type);


--
-- Name: idx_evidence_request_id; Type: INDEX; Schema: public; Owner: melissastan
--

CREATE INDEX idx_evidence_request_id ON public.grounded_evidence USING btree (request_id);


--
-- Name: idx_evidence_run_id; Type: INDEX; Schema: public; Owner: melissastan
--

CREATE INDEX idx_evidence_run_id ON public.grounded_evidence USING btree (extraction_run_id);


--
-- Name: idx_extraction_runs_request_id; Type: INDEX; Schema: public; Owner: melissastan
--

CREATE INDEX idx_extraction_runs_request_id ON public.extraction_runs USING btree (request_id);


--
-- Name: idx_extraction_runs_status; Type: INDEX; Schema: public; Owner: melissastan
--

CREATE INDEX idx_extraction_runs_status ON public.extraction_runs USING btree (status);


--
-- Name: idx_requests_assigned_reviewer_id; Type: INDEX; Schema: public; Owner: melissastan
--

CREATE INDEX idx_requests_assigned_reviewer_id ON public.requests USING btree (assigned_reviewer_id);


--
-- Name: idx_requests_status; Type: INDEX; Schema: public; Owner: melissastan
--

CREATE INDEX idx_requests_status ON public.requests USING btree (status);


--
-- Name: idx_review_actions_action; Type: INDEX; Schema: public; Owner: melissastan
--

CREATE INDEX idx_review_actions_action ON public.review_actions USING btree (action);


--
-- Name: idx_review_actions_request_id; Type: INDEX; Schema: public; Owner: melissastan
--

CREATE INDEX idx_review_actions_request_id ON public.review_actions USING btree (request_id);


--
-- Name: idx_reviewers_created_at; Type: INDEX; Schema: public; Owner: melissastan
--

CREATE INDEX idx_reviewers_created_at ON public.reviewers USING btree (created_at);


--
-- Name: citation_chunks citation_chunks_doc_id_fkey; Type: FK CONSTRAINT; Schema: public; Owner: melissastan
--

ALTER TABLE ONLY public.citation_chunks
    ADD CONSTRAINT citation_chunks_doc_id_fkey FOREIGN KEY (doc_id) REFERENCES public.documents(doc_id) ON DELETE CASCADE;


--
-- Name: citation_chunks citation_chunks_extraction_run_id_fkey; Type: FK CONSTRAINT; Schema: public; Owner: melissastan
--

ALTER TABLE ONLY public.citation_chunks
    ADD CONSTRAINT citation_chunks_extraction_run_id_fkey FOREIGN KEY (extraction_run_id) REFERENCES public.extraction_runs(extraction_run_id) ON DELETE CASCADE;


--
-- Name: decision_results decision_results_decision_run_id_fkey; Type: FK CONSTRAINT; Schema: public; Owner: melissastan
--

ALTER TABLE ONLY public.decision_results
    ADD CONSTRAINT decision_results_decision_run_id_fkey FOREIGN KEY (decision_run_id) REFERENCES public.decision_runs(decision_run_id) ON DELETE CASCADE;


--
-- Name: decision_runs decision_runs_request_id_fkey; Type: FK CONSTRAINT; Schema: public; Owner: melissastan
--

ALTER TABLE ONLY public.decision_runs
    ADD CONSTRAINT decision_runs_request_id_fkey FOREIGN KEY (request_id) REFERENCES public.requests(request_id) ON DELETE CASCADE;


--
-- Name: documents documents_request_id_fkey; Type: FK CONSTRAINT; Schema: public; Owner: melissastan
--

ALTER TABLE ONLY public.documents
    ADD CONSTRAINT documents_request_id_fkey FOREIGN KEY (request_id) REFERENCES public.requests(request_id) ON DELETE CASCADE;


--
-- Name: evidence_citations evidence_citations_chunk_uuid_fkey; Type: FK CONSTRAINT; Schema: public; Owner: melissastan
--

ALTER TABLE ONLY public.evidence_citations
    ADD CONSTRAINT evidence_citations_chunk_uuid_fkey FOREIGN KEY (chunk_uuid) REFERENCES public.citation_chunks(chunk_uuid) ON DELETE CASCADE;


--
-- Name: evidence_citations evidence_citations_evidence_id_fkey; Type: FK CONSTRAINT; Schema: public; Owner: melissastan
--

ALTER TABLE ONLY public.evidence_citations
    ADD CONSTRAINT evidence_citations_evidence_id_fkey FOREIGN KEY (evidence_id) REFERENCES public.grounded_evidence(evidence_id) ON DELETE CASCADE;


--
-- Name: extraction_runs extraction_runs_request_id_fkey; Type: FK CONSTRAINT; Schema: public; Owner: melissastan
--

ALTER TABLE ONLY public.extraction_runs
    ADD CONSTRAINT extraction_runs_request_id_fkey FOREIGN KEY (request_id) REFERENCES public.requests(request_id) ON DELETE CASCADE;


--
-- Name: requests fk_requests_assigned_reviewer; Type: FK CONSTRAINT; Schema: public; Owner: melissastan
--

ALTER TABLE ONLY public.requests
    ADD CONSTRAINT fk_requests_assigned_reviewer FOREIGN KEY (assigned_reviewer_id) REFERENCES public.reviewers(reviewer_id) ON DELETE SET NULL;


--
-- Name: review_actions fk_review_actions_reviewer; Type: FK CONSTRAINT; Schema: public; Owner: melissastan
--

ALTER TABLE ONLY public.review_actions
    ADD CONSTRAINT fk_review_actions_reviewer FOREIGN KEY (reviewer_id) REFERENCES public.reviewers(reviewer_id) ON DELETE RESTRICT;


--
-- Name: grounded_evidence grounded_evidence_extraction_run_id_fkey; Type: FK CONSTRAINT; Schema: public; Owner: melissastan
--

ALTER TABLE ONLY public.grounded_evidence
    ADD CONSTRAINT grounded_evidence_extraction_run_id_fkey FOREIGN KEY (extraction_run_id) REFERENCES public.extraction_runs(extraction_run_id) ON DELETE CASCADE;


--
-- Name: grounded_evidence grounded_evidence_request_id_fkey; Type: FK CONSTRAINT; Schema: public; Owner: melissastan
--

ALTER TABLE ONLY public.grounded_evidence
    ADD CONSTRAINT grounded_evidence_request_id_fkey FOREIGN KEY (request_id) REFERENCES public.requests(request_id) ON DELETE CASCADE;


--
-- Name: review_actions review_actions_decision_run_id_fkey; Type: FK CONSTRAINT; Schema: public; Owner: melissastan
--

ALTER TABLE ONLY public.review_actions
    ADD CONSTRAINT review_actions_decision_run_id_fkey FOREIGN KEY (decision_run_id) REFERENCES public.decision_runs(decision_run_id) ON DELETE SET NULL;


--
-- Name: review_actions review_actions_request_id_fkey; Type: FK CONSTRAINT; Schema: public; Owner: melissastan
--

ALTER TABLE ONLY public.review_actions
    ADD CONSTRAINT review_actions_request_id_fkey FOREIGN KEY (request_id) REFERENCES public.requests(request_id) ON DELETE CASCADE;


--
-- PostgreSQL database dump complete
--

\unrestrict Qe6veaN7UovDjaE2g4s8cmWMw9wF50bFV3dEUy2xPlVDqHV5aec5MrvilA6ZvNg

